Starting server at tcp:port=8000:interface=0.0.0.0
HTTP/2 support not enabled (install the http2 and tls Twisted extras)
Configuring endpoint tcp:port=8000:interface=0.0.0.0
Listening on TCP address 0.0.0.0:8000
POST /api/v1/users/verify-email/
Bad Request: /api/v1/users/verify-email/
Starting server at tcp:port=8000:interface=0.0.0.0
HTTP/2 support not enabled (install the http2 and tls Twisted extras)
Configuring endpoint tcp:port=8000:interface=0.0.0.0
Listening on TCP address 0.0.0.0:8000
GET /api/v1/users/me/
GET /api/v1/workspaces/58/pending-request/
PATCH /api/v1/workspaces/58/accept-invite/
Internal Server Error: /api/v1/workspaces/58/accept-invite/
Traceback (most recent call last):
  File "/home/reality/multi-tenant-sass/backend/venv/lib/python3.12/site-packages/asgiref/sync.py", line 557, in thread_handler
    raise exc_info[1]
  File "/home/reality/multi-tenant-sass/backend/venv/lib/python3.12/site-packages/django/core/handlers/exception.py", line 42, in inner
    response = await get_response(request)
               ^^^^^^^^^^^^^^^^^^^^^^^^^^^
  File "/home/reality/multi-tenant-sass/backend/venv/lib/python3.12/site-packages/asgiref/sync.py", line 557, in thread_handler
    raise exc_info[1]
  File "/home/reality/multi-tenant-sass/backend/venv/lib/python3.12/site-packages/django/core/handlers/base.py", line 254, in _get_response_async
    response = await wrapped_callback(
               ^^^^^^^^^^^^^^^^^^^^^^^
  File "/home/reality/multi-tenant-sass/backend/venv/lib/python3.12/site-packages/asgiref/sync.py", line 506, in __call__
    ret = await asyncio.shield(exec_coro)
          ^^^^^^^^^^^^^^^^^^^^^^^^^^^^^^^
  File "/home/reality/multi-tenant-sass/backend/venv/lib/python3.12/site-packages/asgiref/current_thread_executor.py", line 40, in run
    result = self.fn(*self.args, **self.kwargs)
             ^^^^^^^^^^^^^^^^^^^^^^^^^^^^^^^^^^
  File "/home/reality/multi-tenant-sass/backend/venv/lib/python3.12/site-packages/asgiref/sync.py", line 561, in thread_handler
    return func(*args, **kwargs)
           ^^^^^^^^^^^^^^^^^^^^^
  File "/home/reality/multi-tenant-sass/backend/venv/lib/python3.12/site-packages/django/views/decorators/csrf.py", line 65, in _view_wrapper
    return view_func(request, *args, **kwargs)
           ^^^^^^^^^^^^^^^^^^^^^^^^^^^^^^^^^^^
  File "/home/reality/multi-tenant-sass/backend/venv/lib/python3.12/site-packages/django/views/generic/base.py", line 106, in view
    return self.dispatch(request, *args, **kwargs)
           ^^^^^^^^^^^^^^^^^^^^^^^^^^^^^^^^^^^^^^^
  File "/home/reality/multi-tenant-sass/backend/venv/lib/python3.12/site-packages/rest_framework/views.py", line 515, in dispatch
    response = self.handle_exception(exc)
               ^^^^^^^^^^^^^^^^^^^^^^^^^^
  File "/home/reality/multi-tenant-sass/backend/venv/lib/python3.12/site-packages/rest_framework/views.py", line 475, in handle_exception
    self.raise_uncaught_exception(exc)
  File "/home/reality/multi-tenant-sass/backend/venv/lib/python3.12/site-packages/rest_framework/views.py", line 486, in raise_uncaught_exception
    raise exc
  File "/home/reality/multi-tenant-sass/backend/venv/lib/python3.12/site-packages/rest_framework/views.py", line 512, in dispatch
    response = handler(request, *args, **kwargs)
               ^^^^^^^^^^^^^^^^^^^^^^^^^^^^^^^^^
  File "/home/reality/multi-tenant-sass/backend/workspace/api/views.py", line 167, in patch
    InviteService.accept_invite(invite,user,token,request)
  File "/home/reality/multi-tenant-sass/backend/workspace/services/invite.py", line 95, in accept_invite
    if user in set(project.members.all()):
                   ^^^^^^^^^^^^^^^
AttributeError: 'Project' object has no attribute 'members'
Starting server at tcp:port=8000:interface=0.0.0.0
HTTP/2 support not enabled (install the http2 and tls Twisted extras)
Configuring endpoint tcp:port=8000:interface=0.0.0.0
Listening on TCP address 0.0.0.0:8000
GET /api/v1/users/me/
GET /api/v1/workspaces/58/pending-request/
PATCH /api/v1/workspaces/58/accept-invite/
Internal Server Error: /api/v1/workspaces/58/accept-invite/
Traceback (most recent call last):
  File "/home/reality/multi-tenant-sass/backend/venv/lib/python3.12/site-packages/django/db/backends/utils.py", line 105, in _execute
    return self.cursor.execute(sql, params)
           ^^^^^^^^^^^^^^^^^^^^^^^^^^^^^^^^
psycopg2.errors.NotNullViolation: null value in column "user_id" of relation "audit_log" violates not-null constraint
DETAIL:  Failing row contains (93, token used, 2026-08-14 19:34:46.841945+00, 71, null).


The above exception was the direct cause of the following exception:

Traceback (most recent call last):
  File "/home/reality/multi-tenant-sass/backend/venv/lib/python3.12/site-packages/asgiref/sync.py", line 557, in thread_handler
    raise exc_info[1]
  File "/home/reality/multi-tenant-sass/backend/venv/lib/python3.12/site-packages/django/core/handlers/exception.py", line 42, in inner
    response = await get_response(request)
               ^^^^^^^^^^^^^^^^^^^^^^^^^^^
  File "/home/reality/multi-tenant-sass/backend/venv/lib/python3.12/site-packages/asgiref/sync.py", line 557, in thread_handler
    raise exc_info[1]
  File "/home/reality/multi-tenant-sass/backend/venv/lib/python3.12/site-packages/django/core/handlers/base.py", line 254, in _get_response_async
    response = await wrapped_callback(
               ^^^^^^^^^^^^^^^^^^^^^^^
  File "/home/reality/multi-tenant-sass/backend/venv/lib/python3.12/site-packages/asgiref/sync.py", line 506, in __call__
    ret = await asyncio.shield(exec_coro)
          ^^^^^^^^^^^^^^^^^^^^^^^^^^^^^^^
  File "/home/reality/multi-tenant-sass/backend/venv/lib/python3.12/site-packages/asgiref/current_thread_executor.py", line 40, in run
    result = self.fn(*self.args, **self.kwargs)
             ^^^^^^^^^^^^^^^^^^^^^^^^^^^^^^^^^^
  File "/home/reality/multi-tenant-sass/backend/venv/lib/python3.12/site-packages/asgiref/sync.py", line 561, in thread_handler
    return func(*args, **kwargs)
           ^^^^^^^^^^^^^^^^^^^^^
  File "/home/reality/multi-tenant-sass/backend/venv/lib/python3.12/site-packages/django/views/decorators/csrf.py", line 65, in _view_wrapper
    return view_func(request, *args, **kwargs)
           ^^^^^^^^^^^^^^^^^^^^^^^^^^^^^^^^^^^
  File "/home/reality/multi-tenant-sass/backend/venv/lib/python3.12/site-packages/django/views/generic/base.py", line 106, in view
    return self.dispatch(request, *args, **kwargs)
           ^^^^^^^^^^^^^^^^^^^^^^^^^^^^^^^^^^^^^^^
  File "/home/reality/multi-tenant-sass/backend/venv/lib/python3.12/site-packages/rest_framework/views.py", line 515, in dispatch
    response = self.handle_exception(exc)
               ^^^^^^^^^^^^^^^^^^^^^^^^^^
  File "/home/reality/multi-tenant-sass/backend/venv/lib/python3.12/site-packages/rest_framework/views.py", line 475, in handle_exception
    self.raise_uncaught_exception(exc)
  File "/home/reality/multi-tenant-sass/backend/venv/lib/python3.12/site-packages/rest_framework/views.py", line 486, in raise_uncaught_exception
    raise exc
  File "/home/reality/multi-tenant-sass/backend/venv/lib/python3.12/site-packages/rest_framework/views.py", line 512, in dispatch
    response = handler(request, *args, **kwargs)
               ^^^^^^^^^^^^^^^^^^^^^^^^^^^^^^^^^
  File "/home/reality/multi-tenant-sass/backend/workspace/api/views.py", line 167, in patch
    InviteService.accept_invite(invite,user,token,request)
  File "/home/reality/multi-tenant-sass/backend/workspace/services/invite.py", line 122, in accept_invite
    audit.save()
  File "/home/reality/multi-tenant-sass/backend/venv/lib/python3.12/site-packages/rest_framework/serializers.py", line 210, in save
    self.instance = self.create(validated_data)
                    ^^^^^^^^^^^^^^^^^^^^^^^^^^^
  File "/home/reality/multi-tenant-sass/backend/venv/lib/python3.12/site-packages/rest_framework/serializers.py", line 1011, in create
    instance = ModelClass._default_manager.create(**validated_data)
               ^^^^^^^^^^^^^^^^^^^^^^^^^^^^^^^^^^^^^^^^^^^^^^^^^^^^
  File "/home/reality/multi-tenant-sass/backend/venv/lib/python3.12/site-packages/django/db/models/manager.py", line 87, in manager_method
    return getattr(self.get_queryset(), name)(*args, **kwargs)
           ^^^^^^^^^^^^^^^^^^^^^^^^^^^^^^^^^^^^^^^^^^^^^^^^^^^
  File "/home/reality/multi-tenant-sass/backend/venv/lib/python3.12/site-packages/django/db/models/query.py", line 669, in create
    obj.save(force_insert=True, using=self.db)
  File "/home/reality/multi-tenant-sass/backend/venv/lib/python3.12/site-packages/django/db/models/base.py", line 874, in save
    self.save_base(
  File "/home/reality/multi-tenant-sass/backend/venv/lib/python3.12/site-packages/django/db/models/base.py", line 966, in save_base
    updated = self._save_table(
              ^^^^^^^^^^^^^^^^^
  File "/home/reality/multi-tenant-sass/backend/venv/lib/python3.12/site-packages/django/db/models/base.py", line 1169, in _save_table
    results = self._do_insert(
              ^^^^^^^^^^^^^^^^
  File "/home/reality/multi-tenant-sass/backend/venv/lib/python3.12/site-packages/django/db/models/base.py", line 1220, in _do_insert
    return manager._insert(
           ^^^^^^^^^^^^^^^^
  File "/home/reality/multi-tenant-sass/backend/venv/lib/python3.12/site-packages/django/db/models/manager.py", line 87, in manager_method
    return getattr(self.get_queryset(), name)(*args, **kwargs)
           ^^^^^^^^^^^^^^^^^^^^^^^^^^^^^^^^^^^^^^^^^^^^^^^^^^^
  File "/home/reality/multi-tenant-sass/backend/venv/lib/python3.12/site-packages/django/db/models/query.py", line 1918, in _insert
    return query.get_compiler(using=using).execute_sql(returning_fields)
           ^^^^^^^^^^^^^^^^^^^^^^^^^^^^^^^^^^^^^^^^^^^^^^^^^^^^^^^^^^^^^
  File "/home/reality/multi-tenant-sass/backend/venv/lib/python3.12/site-packages/django/db/models/sql/compiler.py", line 1925, in execute_sql
    cursor.execute(sql, params)
  File "/home/reality/multi-tenant-sass/backend/venv/lib/python3.12/site-packages/django/db/backends/utils.py", line 122, in execute
    return super().execute(sql, params)
           ^^^^^^^^^^^^^^^^^^^^^^^^^^^^
  File "/home/reality/multi-tenant-sass/backend/venv/lib/python3.12/site-packages/django/db/backends/utils.py", line 79, in execute
    return self._execute_with_wrappers(
           ^^^^^^^^^^^^^^^^^^^^^^^^^^^^
  File "/home/reality/multi-tenant-sass/backend/venv/lib/python3.12/site-packages/django/db/backends/utils.py", line 92, in _execute_with_wrappers
    return executor(sql, params, many, context)
           ^^^^^^^^^^^^^^^^^^^^^^^^^^^^^^^^^^^^
  File "/home/reality/multi-tenant-sass/backend/venv/lib/python3.12/site-packages/django/db/backends/utils.py", line 100, in _execute
    with self.db.wrap_database_errors:
  File "/home/reality/multi-tenant-sass/backend/venv/lib/python3.12/site-packages/django/db/utils.py", line 94, in __exit__
    raise dj_exc_value.with_traceback(traceback) from exc_value
  File "/home/reality/multi-tenant-sass/backend/venv/lib/python3.12/site-packages/django/db/backends/utils.py", line 105, in _execute
    return self.cursor.execute(sql, params)
           ^^^^^^^^^^^^^^^^^^^^^^^^^^^^^^^^
django.db.utils.IntegrityError: null value in column "user_id" of relation "audit_log" violates not-null constraint
DETAIL:  Failing row contains (93, token used, 2026-08-14 19:34:46.841945+00, 71, null).

GET /api/v1/workspaces/58/pending-request/
GET /api/v1/users/me/
PATCH /api/v1/workspaces/58/accept-invite/
Internal Server Error: /api/v1/workspaces/58/accept-invite/
Traceback (most recent call last):
  File "/home/reality/multi-tenant-sass/backend/venv/lib/python3.12/site-packages/django/db/backends/utils.py", line 105, in _execute
    return self.cursor.execute(sql, params)
           ^^^^^^^^^^^^^^^^^^^^^^^^^^^^^^^^
psycopg2.errors.NotNullViolation: null value in column "user_id" of relation "audit_log" violates not-null constraint
DETAIL:  Failing row contains (94, token used, 2026-08-14 19:35:44.108473+00, 71, null).


The above exception was the direct cause of the following exception:

Traceback (most recent call last):
  File "/home/reality/multi-tenant-sass/backend/venv/lib/python3.12/site-packages/asgiref/sync.py", line 557, in thread_handler
    raise exc_info[1]
  File "/home/reality/multi-tenant-sass/backend/venv/lib/python3.12/site-packages/django/core/handlers/exception.py", line 42, in inner
    response = await get_response(request)
               ^^^^^^^^^^^^^^^^^^^^^^^^^^^
  File "/home/reality/multi-tenant-sass/backend/venv/lib/python3.12/site-packages/asgiref/sync.py", line 557, in thread_handler
    raise exc_info[1]
  File "/home/reality/multi-tenant-sass/backend/venv/lib/python3.12/site-packages/django/core/handlers/base.py", line 254, in _get_response_async
    response = await wrapped_callback(
               ^^^^^^^^^^^^^^^^^^^^^^^
  File "/home/reality/multi-tenant-sass/backend/venv/lib/python3.12/site-packages/asgiref/sync.py", line 506, in __call__
    ret = await asyncio.shield(exec_coro)
          ^^^^^^^^^^^^^^^^^^^^^^^^^^^^^^^
  File "/home/reality/multi-tenant-sass/backend/venv/lib/python3.12/site-packages/asgiref/current_thread_executor.py", line 40, in run
    result = self.fn(*self.args, **self.kwargs)
             ^^^^^^^^^^^^^^^^^^^^^^^^^^^^^^^^^^
  File "/home/reality/multi-tenant-sass/backend/venv/lib/python3.12/site-packages/asgiref/sync.py", line 561, in thread_handler
    return func(*args, **kwargs)
           ^^^^^^^^^^^^^^^^^^^^^
  File "/home/reality/multi-tenant-sass/backend/venv/lib/python3.12/site-packages/django/views/decorators/csrf.py", line 65, in _view_wrapper
    return view_func(request, *args, **kwargs)
           ^^^^^^^^^^^^^^^^^^^^^^^^^^^^^^^^^^^
  File "/home/reality/multi-tenant-sass/backend/venv/lib/python3.12/site-packages/django/views/generic/base.py", line 106, in view
    return self.dispatch(request, *args, **kwargs)
           ^^^^^^^^^^^^^^^^^^^^^^^^^^^^^^^^^^^^^^^
  File "/home/reality/multi-tenant-sass/backend/venv/lib/python3.12/site-packages/rest_framework/views.py", line 515, in dispatch
    response = self.handle_exception(exc)
               ^^^^^^^^^^^^^^^^^^^^^^^^^^
  File "/home/reality/multi-tenant-sass/backend/venv/lib/python3.12/site-packages/rest_framework/views.py", line 475, in handle_exception
    self.raise_uncaught_exception(exc)
  File "/home/reality/multi-tenant-sass/backend/venv/lib/python3.12/site-packages/rest_framework/views.py", line 486, in raise_uncaught_exception
    raise exc
  File "/home/reality/multi-tenant-sass/backend/venv/lib/python3.12/site-packages/rest_framework/views.py", line 512, in dispatch
    response = handler(request, *args, **kwargs)
               ^^^^^^^^^^^^^^^^^^^^^^^^^^^^^^^^^
  File "/home/reality/multi-tenant-sass/backend/workspace/api/views.py", line 167, in patch
    InviteService.accept_invite(invite,user,token,request)
  File "/home/reality/multi-tenant-sass/backend/workspace/services/invite.py", line 122, in accept_invite
    audit.save()
  File "/home/reality/multi-tenant-sass/backend/venv/lib/python3.12/site-packages/rest_framework/serializers.py", line 210, in save
    self.instance = self.create(validated_data)
                    ^^^^^^^^^^^^^^^^^^^^^^^^^^^
  File "/home/reality/multi-tenant-sass/backend/venv/lib/python3.12/site-packages/rest_framework/serializers.py", line 1011, in create
    instance = ModelClass._default_manager.create(**validated_data)
               ^^^^^^^^^^^^^^^^^^^^^^^^^^^^^^^^^^^^^^^^^^^^^^^^^^^^
  File "/home/reality/multi-tenant-sass/backend/venv/lib/python3.12/site-packages/django/db/models/manager.py", line 87, in manager_method
    return getattr(self.get_queryset(), name)(*args, **kwargs)
           ^^^^^^^^^^^^^^^^^^^^^^^^^^^^^^^^^^^^^^^^^^^^^^^^^^^
  File "/home/reality/multi-tenant-sass/backend/venv/lib/python3.12/site-packages/django/db/models/query.py", line 669, in create
    obj.save(force_insert=True, using=self.db)
  File "/home/reality/multi-tenant-sass/backend/venv/lib/python3.12/site-packages/django/db/models/base.py", line 874, in save
    self.save_base(
  File "/home/reality/multi-tenant-sass/backend/venv/lib/python3.12/site-packages/django/db/models/base.py", line 966, in save_base
    updated = self._save_table(
              ^^^^^^^^^^^^^^^^^
  File "/home/reality/multi-tenant-sass/backend/venv/lib/python3.12/site-packages/django/db/models/base.py", line 1169, in _save_table
    results = self._do_insert(
              ^^^^^^^^^^^^^^^^
  File "/home/reality/multi-tenant-sass/backend/venv/lib/python3.12/site-packages/django/db/models/base.py", line 1220, in _do_insert
    return manager._insert(
           ^^^^^^^^^^^^^^^^
  File "/home/reality/multi-tenant-sass/backend/venv/lib/python3.12/site-packages/django/db/models/manager.py", line 87, in manager_method
    return getattr(self.get_queryset(), name)(*args, **kwargs)
           ^^^^^^^^^^^^^^^^^^^^^^^^^^^^^^^^^^^^^^^^^^^^^^^^^^^
  File "/home/reality/multi-tenant-sass/backend/venv/lib/python3.12/site-packages/django/db/models/query.py", line 1918, in _insert
    return query.get_compiler(using=using).execute_sql(returning_fields)
           ^^^^^^^^^^^^^^^^^^^^^^^^^^^^^^^^^^^^^^^^^^^^^^^^^^^^^^^^^^^^^
  File "/home/reality/multi-tenant-sass/backend/venv/lib/python3.12/site-packages/django/db/models/sql/compiler.py", line 1925, in execute_sql
    cursor.execute(sql, params)
  File "/home/reality/multi-tenant-sass/backend/venv/lib/python3.12/site-packages/django/db/backends/utils.py", line 122, in execute
    return super().execute(sql, params)
           ^^^^^^^^^^^^^^^^^^^^^^^^^^^^
  File "/home/reality/multi-tenant-sass/backend/venv/lib/python3.12/site-packages/django/db/backends/utils.py", line 79, in execute
    return self._execute_with_wrappers(
           ^^^^^^^^^^^^^^^^^^^^^^^^^^^^
  File "/home/reality/multi-tenant-sass/backend/venv/lib/python3.12/site-packages/django/db/backends/utils.py", line 92, in _execute_with_wrappers
    return executor(sql, params, many, context)
           ^^^^^^^^^^^^^^^^^^^^^^^^^^^^^^^^^^^^
  File "/home/reality/multi-tenant-sass/backend/venv/lib/python3.12/site-packages/django/db/backends/utils.py", line 100, in _execute
    with self.db.wrap_database_errors:
  File "/home/reality/multi-tenant-sass/backend/venv/lib/python3.12/site-packages/django/db/utils.py", line 94, in __exit__
    raise dj_exc_value.with_traceback(traceback) from exc_value
  File "/home/reality/multi-tenant-sass/backend/venv/lib/python3.12/site-packages/django/db/backends/utils.py", line 105, in _execute
    return self.cursor.execute(sql, params)
           ^^^^^^^^^^^^^^^^^^^^^^^^^^^^^^^^
django.db.utils.IntegrityError: null value in column "user_id" of relation "audit_log" violates not-null constraint
DETAIL:  Failing row contains (94, token used, 2026-08-14 19:35:44.108473+00, 71, null).

GET /api/v1/users/me/
GET /api/v1/workspaces/58/pending-request/
GET /api/v1/users/me/
GET /api/v1/workspaces/58/pending-request/
GET /api/v1/workspaces/
GET /api/v1/users/me/
GET /admin/workspace/invitetokenauditlog/
GET /static/admin/css/dark_mode.css
GET /static/admin/css/base.css
GET /static/admin/css/changelists.css
GET /static/admin/css/nav_sidebar.css
GET /static/admin/css/responsive.css
GET /static/admin/js/theme.js
GET /admin/jsi18n/
GET /static/admin/js/vendor/jquery/jquery.js
GET /static/admin/js/jquery.init.js
GET /static/admin/js/core.js
GET /static/admin/js/admin/RelatedObjectLookups.js
GET /static/admin/js/prepopulate.js
GET /static/admin/js/urlify.js
GET /static/admin/js/vendor/xregexp/xregexp.js
GET /static/admin/js/actions.js
GET /static/admin/js/nav_sidebar.js
GET /static/admin/js/filters.js
GET /static/admin/img/icon-addlink.svg
GET /static/admin/img/tooltag-add.svg
GET /admin/workspace/invitetoken/
GET /static/admin/css/base.css
GET /static/admin/js/theme.js
GET /static/admin/css/nav_sidebar.css
GET /static/admin/css/dark_mode.css
GET /admin/jsi18n/
GET /static/admin/css/changelists.css
GET /static/admin/css/responsive.css
GET /static/admin/js/vendor/jquery/jquery.js
GET /static/admin/js/jquery.init.js
GET /static/admin/js/core.js
GET /static/admin/js/admin/RelatedObjectLookups.js
GET /static/admin/js/actions.js
GET /static/admin/js/urlify.js
GET /static/admin/js/prepopulate.js
GET /static/admin/js/vendor/xregexp/xregexp.js
GET /static/admin/js/nav_sidebar.js
GET /static/admin/js/filters.js
GET /static/admin/img/icon-addlink.svg
GET /static/admin/img/tooltag-add.svg
GET /api/v1/workspaces/
GET /api/v1/users/me/
Unauthorized: /api/v1/workspaces/
Unauthorized: /api/v1/users/me/
POST /api/v1/auth/refresh-token/
GET /api/v1/workspaces/
GET /api/v1/users/me/
GET /api/v1/users/me/
GET /api/v1/workspaces/58/pending-request/
GET /admin/workspace/invitetokenauditlog/
GET /static/admin/css/base.css
GET /static/admin/css/dark_mode.css
GET /static/admin/css/changelists.css
GET /static/admin/css/nav_sidebar.css
GET /static/admin/js/theme.js
GET /admin/jsi18n/
GET /static/admin/js/vendor/jquery/jquery.js
GET /static/admin/css/responsive.css
GET /static/admin/js/core.js
GET /static/admin/js/admin/RelatedObjectLookups.js
GET /static/admin/js/jquery.init.js
GET /static/admin/js/urlify.js
GET /static/admin/js/actions.js
GET /static/admin/js/prepopulate.js
GET /static/admin/js/vendor/xregexp/xregexp.js
GET /static/admin/js/nav_sidebar.js
GET /static/admin/js/filters.js
GET /static/admin/img/tooltag-add.svg
GET /static/admin/img/icon-addlink.svg
GET /api/v1/workspaces/
GET /api/v1/users/me/
GET /api/v1/users/me/
GET /api/v1/workspaces/58/pending-request/
GET /api/v1/users/me/
GET /api/v1/workspaces/58/pending-request/
GET /api/v1/workspaces/58/pending-request/
GET /api/v1/users/me/
GET /api/v1/workspaces/58/pending-request/
GET /api/v1/users/me/
GET /api/v1/users/me/
GET /api/v1/workspaces/58/pending-request/
GET /api/v1/users/me/
GET /api/v1/workspaces/58/pending-request/
GET /api/v1/workspaces/58/pending-request/
GET /api/v1/users/me/
GET /api/v1/users/me/
GET /api/v1/workspaces/58/pending-request/
GET /api/v1/users/me/
GET /api/v1/workspaces/58/pending-request/
GET /api/v1/users/me/
GET /api/v1/workspaces/58/pending-request/
Unauthorized: /api/v1/users/me/
POST /api/v1/auth/refresh-token/
GET /api/v1/users/me/
GET /api/v1/users/me/
GET /api/v1/workspaces/58/pending-request/
Killed 0 pending application instances
Starting server at tcp:port=8000:interface=0.0.0.0
HTTP/2 support not enabled (install the http2 and tls Twisted extras)
Configuring endpoint tcp:port=8000:interface=0.0.0.0
Listening on TCP address 0.0.0.0:8000
GET /api/v1/users/me/
GET /api/v1/workspaces/58/pending-request/
GET /api/v1/users/me/
GET /api/v1/workspaces/58/pending-request/
PATCH /api/v1/workspaces/58/accept-invite/
Internal Server Error: /api/v1/workspaces/58/accept-invite/
Traceback (most recent call last):
  File "/home/reality/multi-tenant-sass/backend/venv/lib/python3.12/site-packages/django/db/backends/utils.py", line 105, in _execute
    return self.cursor.execute(sql, params)
           ^^^^^^^^^^^^^^^^^^^^^^^^^^^^^^^^
psycopg2.errors.NotNullViolation: null value in column "user_id" of relation "audit_log" violates not-null constraint
DETAIL:  Failing row contains (95, token used, 2026-08-14 19:43:41.585492+00, 71, null).


The above exception was the direct cause of the following exception:

Traceback (most recent call last):
  File "/home/reality/multi-tenant-sass/backend/venv/lib/python3.12/site-packages/asgiref/sync.py", line 557, in thread_handler
    raise exc_info[1]
  File "/home/reality/multi-tenant-sass/backend/venv/lib/python3.12/site-packages/django/core/handlers/exception.py", line 42, in inner
    response = await get_response(request)
               ^^^^^^^^^^^^^^^^^^^^^^^^^^^
  File "/home/reality/multi-tenant-sass/backend/venv/lib/python3.12/site-packages/asgiref/sync.py", line 557, in thread_handler
    raise exc_info[1]
  File "/home/reality/multi-tenant-sass/backend/venv/lib/python3.12/site-packages/django/core/handlers/base.py", line 254, in _get_response_async
    response = await wrapped_callback(
               ^^^^^^^^^^^^^^^^^^^^^^^
  File "/home/reality/multi-tenant-sass/backend/venv/lib/python3.12/site-packages/asgiref/sync.py", line 506, in __call__
    ret = await asyncio.shield(exec_coro)
          ^^^^^^^^^^^^^^^^^^^^^^^^^^^^^^^
  File "/home/reality/multi-tenant-sass/backend/venv/lib/python3.12/site-packages/asgiref/current_thread_executor.py", line 40, in run
    result = self.fn(*self.args, **self.kwargs)
             ^^^^^^^^^^^^^^^^^^^^^^^^^^^^^^^^^^
  File "/home/reality/multi-tenant-sass/backend/venv/lib/python3.12/site-packages/asgiref/sync.py", line 561, in thread_handler
    return func(*args, **kwargs)
           ^^^^^^^^^^^^^^^^^^^^^
  File "/home/reality/multi-tenant-sass/backend/venv/lib/python3.12/site-packages/django/views/decorators/csrf.py", line 65, in _view_wrapper
    return view_func(request, *args, **kwargs)
           ^^^^^^^^^^^^^^^^^^^^^^^^^^^^^^^^^^^
  File "/home/reality/multi-tenant-sass/backend/venv/lib/python3.12/site-packages/django/views/generic/base.py", line 106, in view
    return self.dispatch(request, *args, **kwargs)
           ^^^^^^^^^^^^^^^^^^^^^^^^^^^^^^^^^^^^^^^
  File "/home/reality/multi-tenant-sass/backend/venv/lib/python3.12/site-packages/rest_framework/views.py", line 515, in dispatch
    response = self.handle_exception(exc)
               ^^^^^^^^^^^^^^^^^^^^^^^^^^
  File "/home/reality/multi-tenant-sass/backend/venv/lib/python3.12/site-packages/rest_framework/views.py", line 475, in handle_exception
    self.raise_uncaught_exception(exc)
  File "/home/reality/multi-tenant-sass/backend/venv/lib/python3.12/site-packages/rest_framework/views.py", line 486, in raise_uncaught_exception
    raise exc
  File "/home/reality/multi-tenant-sass/backend/venv/lib/python3.12/site-packages/rest_framework/views.py", line 512, in dispatch
    response = handler(request, *args, **kwargs)
               ^^^^^^^^^^^^^^^^^^^^^^^^^^^^^^^^^
  File "/home/reality/multi-tenant-sass/backend/workspace/api/views.py", line 167, in patch
    InviteService.accept_invite(invite,user,token,request)
  File "/home/reality/multi-tenant-sass/backend/workspace/services/invite.py", line 122, in accept_invite
    audit.save()
  File "/home/reality/multi-tenant-sass/backend/venv/lib/python3.12/site-packages/rest_framework/serializers.py", line 210, in save
    self.instance = self.create(validated_data)
                    ^^^^^^^^^^^^^^^^^^^^^^^^^^^
  File "/home/reality/multi-tenant-sass/backend/venv/lib/python3.12/site-packages/rest_framework/serializers.py", line 1011, in create
    instance = ModelClass._default_manager.create(**validated_data)
               ^^^^^^^^^^^^^^^^^^^^^^^^^^^^^^^^^^^^^^^^^^^^^^^^^^^^
  File "/home/reality/multi-tenant-sass/backend/venv/lib/python3.12/site-packages/django/db/models/manager.py", line 87, in manager_method
    return getattr(self.get_queryset(), name)(*args, **kwargs)
           ^^^^^^^^^^^^^^^^^^^^^^^^^^^^^^^^^^^^^^^^^^^^^^^^^^^
  File "/home/reality/multi-tenant-sass/backend/venv/lib/python3.12/site-packages/django/db/models/query.py", line 669, in create
    obj.save(force_insert=True, using=self.db)
  File "/home/reality/multi-tenant-sass/backend/venv/lib/python3.12/site-packages/django/db/models/base.py", line 874, in save
    self.save_base(
  File "/home/reality/multi-tenant-sass/backend/venv/lib/python3.12/site-packages/django/db/models/base.py", line 966, in save_base
    updated = self._save_table(
              ^^^^^^^^^^^^^^^^^
  File "/home/reality/multi-tenant-sass/backend/venv/lib/python3.12/site-packages/django/db/models/base.py", line 1169, in _save_table
    results = self._do_insert(
              ^^^^^^^^^^^^^^^^
  File "/home/reality/multi-tenant-sass/backend/venv/lib/python3.12/site-packages/django/db/models/base.py", line 1220, in _do_insert
    return manager._insert(
           ^^^^^^^^^^^^^^^^
  File "/home/reality/multi-tenant-sass/backend/venv/lib/python3.12/site-packages/django/db/models/manager.py", line 87, in manager_method
    return getattr(self.get_queryset(), name)(*args, **kwargs)
           ^^^^^^^^^^^^^^^^^^^^^^^^^^^^^^^^^^^^^^^^^^^^^^^^^^^
  File "/home/reality/multi-tenant-sass/backend/venv/lib/python3.12/site-packages/django/db/models/query.py", line 1918, in _insert
    return query.get_compiler(using=using).execute_sql(returning_fields)
           ^^^^^^^^^^^^^^^^^^^^^^^^^^^^^^^^^^^^^^^^^^^^^^^^^^^^^^^^^^^^^
  File "/home/reality/multi-tenant-sass/backend/venv/lib/python3.12/site-packages/django/db/models/sql/compiler.py", line 1925, in execute_sql
    cursor.execute(sql, params)
  File "/home/reality/multi-tenant-sass/backend/venv/lib/python3.12/site-packages/django/db/backends/utils.py", line 122, in execute
    return super().execute(sql, params)
           ^^^^^^^^^^^^^^^^^^^^^^^^^^^^
  File "/home/reality/multi-tenant-sass/backend/venv/lib/python3.12/site-packages/django/db/backends/utils.py", line 79, in execute
    return self._execute_with_wrappers(
           ^^^^^^^^^^^^^^^^^^^^^^^^^^^^
  File "/home/reality/multi-tenant-sass/backend/venv/lib/python3.12/site-packages/django/db/backends/utils.py", line 92, in _execute_with_wrappers
    return executor(sql, params, many, context)
           ^^^^^^^^^^^^^^^^^^^^^^^^^^^^^^^^^^^^
  File "/home/reality/multi-tenant-sass/backend/venv/lib/python3.12/site-packages/django/db/backends/utils.py", line 100, in _execute
    with self.db.wrap_database_errors:
  File "/home/reality/multi-tenant-sass/backend/venv/lib/python3.12/site-packages/django/db/utils.py", line 94, in __exit__
    raise dj_exc_value.with_traceback(traceback) from exc_value
  File "/home/reality/multi-tenant-sass/backend/venv/lib/python3.12/site-packages/django/db/backends/utils.py", line 105, in _execute
    return self.cursor.execute(sql, params)
           ^^^^^^^^^^^^^^^^^^^^^^^^^^^^^^^^
django.db.utils.IntegrityError: null value in column "user_id" of relation "audit_log" violates not-null constraint
DETAIL:  Failing row contains (95, token used, 2026-08-14 19:43:41.585492+00, 71, null).

Killed 0 pending application instances
Starting server at tcp:port=8000:interface=0.0.0.0
HTTP/2 support not enabled (install the http2 and tls Twisted extras)
Configuring endpoint tcp:port=8000:interface=0.0.0.0
Listening on TCP address 0.0.0.0:8000
GET /api/v1/users/me/
GET /api/v1/workspaces/58/pending-request/
PATCH /api/v1/workspaces/58/accept-invite/
Internal Server Error: /api/v1/workspaces/58/accept-invite/
Traceback (most recent call last):
  File "/home/reality/multi-tenant-sass/backend/venv/lib/python3.12/site-packages/django/db/backends/utils.py", line 105, in _execute
    return self.cursor.execute(sql, params)
           ^^^^^^^^^^^^^^^^^^^^^^^^^^^^^^^^
psycopg2.errors.NotNullViolation: null value in column "user_id" of relation "audit_log" violates not-null constraint
DETAIL:  Failing row contains (96, token used, 2026-08-14 19:45:01.696625+00, 71, null).


The above exception was the direct cause of the following exception:

Traceback (most recent call last):
  File "/home/reality/multi-tenant-sass/backend/venv/lib/python3.12/site-packages/asgiref/sync.py", line 557, in thread_handler
    raise exc_info[1]
  File "/home/reality/multi-tenant-sass/backend/venv/lib/python3.12/site-packages/django/core/handlers/exception.py", line 42, in inner
    response = await get_response(request)
               ^^^^^^^^^^^^^^^^^^^^^^^^^^^
  File "/home/reality/multi-tenant-sass/backend/venv/lib/python3.12/site-packages/asgiref/sync.py", line 557, in thread_handler
    raise exc_info[1]
  File "/home/reality/multi-tenant-sass/backend/venv/lib/python3.12/site-packages/django/core/handlers/base.py", line 254, in _get_response_async
    response = await wrapped_callback(
               ^^^^^^^^^^^^^^^^^^^^^^^
  File "/home/reality/multi-tenant-sass/backend/venv/lib/python3.12/site-packages/asgiref/sync.py", line 506, in __call__
    ret = await asyncio.shield(exec_coro)
          ^^^^^^^^^^^^^^^^^^^^^^^^^^^^^^^
  File "/home/reality/multi-tenant-sass/backend/venv/lib/python3.12/site-packages/asgiref/current_thread_executor.py", line 40, in run
    result = self.fn(*self.args, **self.kwargs)
             ^^^^^^^^^^^^^^^^^^^^^^^^^^^^^^^^^^
  File "/home/reality/multi-tenant-sass/backend/venv/lib/python3.12/site-packages/asgiref/sync.py", line 561, in thread_handler
    return func(*args, **kwargs)
           ^^^^^^^^^^^^^^^^^^^^^
  File "/home/reality/multi-tenant-sass/backend/venv/lib/python3.12/site-packages/django/views/decorators/csrf.py", line 65, in _view_wrapper
    return view_func(request, *args, **kwargs)
           ^^^^^^^^^^^^^^^^^^^^^^^^^^^^^^^^^^^
  File "/home/reality/multi-tenant-sass/backend/venv/lib/python3.12/site-packages/django/views/generic/base.py", line 106, in view
    return self.dispatch(request, *args, **kwargs)
           ^^^^^^^^^^^^^^^^^^^^^^^^^^^^^^^^^^^^^^^
  File "/home/reality/multi-tenant-sass/backend/venv/lib/python3.12/site-packages/rest_framework/views.py", line 515, in dispatch
    response = self.handle_exception(exc)
               ^^^^^^^^^^^^^^^^^^^^^^^^^^
  File "/home/reality/multi-tenant-sass/backend/venv/lib/python3.12/site-packages/rest_framework/views.py", line 475, in handle_exception
    self.raise_uncaught_exception(exc)
  File "/home/reality/multi-tenant-sass/backend/venv/lib/python3.12/site-packages/rest_framework/views.py", line 486, in raise_uncaught_exception
    raise exc
  File "/home/reality/multi-tenant-sass/backend/venv/lib/python3.12/site-packages/rest_framework/views.py", line 512, in dispatch
    response = handler(request, *args, **kwargs)
               ^^^^^^^^^^^^^^^^^^^^^^^^^^^^^^^^^
  File "/home/reality/multi-tenant-sass/backend/workspace/api/views.py", line 167, in patch
    InviteService.accept_invite(invite,user,token,request)
  File "/home/reality/multi-tenant-sass/backend/workspace/services/invite.py", line 122, in accept_invite
    audit.save()
  File "/home/reality/multi-tenant-sass/backend/venv/lib/python3.12/site-packages/rest_framework/serializers.py", line 210, in save
    self.instance = self.create(validated_data)
                    ^^^^^^^^^^^^^^^^^^^^^^^^^^^
  File "/home/reality/multi-tenant-sass/backend/venv/lib/python3.12/site-packages/rest_framework/serializers.py", line 1011, in create
    instance = ModelClass._default_manager.create(**validated_data)
               ^^^^^^^^^^^^^^^^^^^^^^^^^^^^^^^^^^^^^^^^^^^^^^^^^^^^
  File "/home/reality/multi-tenant-sass/backend/venv/lib/python3.12/site-packages/django/db/models/manager.py", line 87, in manager_method
    return getattr(self.get_queryset(), name)(*args, **kwargs)
           ^^^^^^^^^^^^^^^^^^^^^^^^^^^^^^^^^^^^^^^^^^^^^^^^^^^
  File "/home/reality/multi-tenant-sass/backend/venv/lib/python3.12/site-packages/django/db/models/query.py", line 669, in create
    obj.save(force_insert=True, using=self.db)
  File "/home/reality/multi-tenant-sass/backend/venv/lib/python3.12/site-packages/django/db/models/base.py", line 874, in save
    self.save_base(
  File "/home/reality/multi-tenant-sass/backend/venv/lib/python3.12/site-packages/django/db/models/base.py", line 966, in save_base
    updated = self._save_table(
              ^^^^^^^^^^^^^^^^^
  File "/home/reality/multi-tenant-sass/backend/venv/lib/python3.12/site-packages/django/db/models/base.py", line 1169, in _save_table
    results = self._do_insert(
              ^^^^^^^^^^^^^^^^
  File "/home/reality/multi-tenant-sass/backend/venv/lib/python3.12/site-packages/django/db/models/base.py", line 1220, in _do_insert
    return manager._insert(
           ^^^^^^^^^^^^^^^^
  File "/home/reality/multi-tenant-sass/backend/venv/lib/python3.12/site-packages/django/db/models/manager.py", line 87, in manager_method
    return getattr(self.get_queryset(), name)(*args, **kwargs)
           ^^^^^^^^^^^^^^^^^^^^^^^^^^^^^^^^^^^^^^^^^^^^^^^^^^^
  File "/home/reality/multi-tenant-sass/backend/venv/lib/python3.12/site-packages/django/db/models/query.py", line 1918, in _insert
    return query.get_compiler(using=using).execute_sql(returning_fields)
           ^^^^^^^^^^^^^^^^^^^^^^^^^^^^^^^^^^^^^^^^^^^^^^^^^^^^^^^^^^^^^
  File "/home/reality/multi-tenant-sass/backend/venv/lib/python3.12/site-packages/django/db/models/sql/compiler.py", line 1925, in execute_sql
    cursor.execute(sql, params)
  File "/home/reality/multi-tenant-sass/backend/venv/lib/python3.12/site-packages/django/db/backends/utils.py", line 122, in execute
    return super().execute(sql, params)
           ^^^^^^^^^^^^^^^^^^^^^^^^^^^^
  File "/home/reality/multi-tenant-sass/backend/venv/lib/python3.12/site-packages/django/db/backends/utils.py", line 79, in execute
    return self._execute_with_wrappers(
           ^^^^^^^^^^^^^^^^^^^^^^^^^^^^
  File "/home/reality/multi-tenant-sass/backend/venv/lib/python3.12/site-packages/django/db/backends/utils.py", line 92, in _execute_with_wrappers
    return executor(sql, params, many, context)
           ^^^^^^^^^^^^^^^^^^^^^^^^^^^^^^^^^^^^
  File "/home/reality/multi-tenant-sass/backend/venv/lib/python3.12/site-packages/django/db/backends/utils.py", line 100, in _execute
    with self.db.wrap_database_errors:
  File "/home/reality/multi-tenant-sass/backend/venv/lib/python3.12/site-packages/django/db/utils.py", line 94, in __exit__
    raise dj_exc_value.with_traceback(traceback) from exc_value
  File "/home/reality/multi-tenant-sass/backend/venv/lib/python3.12/site-packages/django/db/backends/utils.py", line 105, in _execute
    return self.cursor.execute(sql, params)
           ^^^^^^^^^^^^^^^^^^^^^^^^^^^^^^^^
django.db.utils.IntegrityError: null value in column "user_id" of relation "audit_log" violates not-null constraint
DETAIL:  Failing row contains (96, token used, 2026-08-14 19:45:01.696625+00, 71, null).

GET /api/v1/users/me/
GET /api/v1/workspaces/58/pending-request/
Unauthorized: /api/v1/users/me/
POST /api/v1/auth/refresh-token/
GET /api/v1/users/me/
GET /api/v1/users/me/
GET /api/v1/workspaces/58/pending-request/
GET /api/v1/workspaces/
GET /api/v1/users/me/
GET /api/v1/users/me/
GET /api/v1/workspaces/58/pending-request/
PATCH /api/v1/workspaces/58/accept-invite/
Internal Server Error: /api/v1/workspaces/58/accept-invite/
Traceback (most recent call last):
  File "/home/reality/multi-tenant-sass/backend/venv/lib/python3.12/site-packages/django/db/backends/utils.py", line 105, in _execute
    return self.cursor.execute(sql, params)
           ^^^^^^^^^^^^^^^^^^^^^^^^^^^^^^^^
psycopg2.errors.NotNullViolation: null value in column "user_id" of relation "audit_log" violates not-null constraint
DETAIL:  Failing row contains (97, token used, 2026-08-14 19:50:03.259498+00, 71, null).


The above exception was the direct cause of the following exception:

Traceback (most recent call last):
  File "/home/reality/multi-tenant-sass/backend/venv/lib/python3.12/site-packages/asgiref/sync.py", line 557, in thread_handler
    raise exc_info[1]
  File "/home/reality/multi-tenant-sass/backend/venv/lib/python3.12/site-packages/django/core/handlers/exception.py", line 42, in inner
    response = await get_response(request)
               ^^^^^^^^^^^^^^^^^^^^^^^^^^^
  File "/home/reality/multi-tenant-sass/backend/venv/lib/python3.12/site-packages/asgiref/sync.py", line 557, in thread_handler
    raise exc_info[1]
  File "/home/reality/multi-tenant-sass/backend/venv/lib/python3.12/site-packages/django/core/handlers/base.py", line 254, in _get_response_async
    response = await wrapped_callback(
               ^^^^^^^^^^^^^^^^^^^^^^^
  File "/home/reality/multi-tenant-sass/backend/venv/lib/python3.12/site-packages/asgiref/sync.py", line 506, in __call__
    ret = await asyncio.shield(exec_coro)
          ^^^^^^^^^^^^^^^^^^^^^^^^^^^^^^^
  File "/home/reality/multi-tenant-sass/backend/venv/lib/python3.12/site-packages/asgiref/current_thread_executor.py", line 40, in run
    result = self.fn(*self.args, **self.kwargs)
             ^^^^^^^^^^^^^^^^^^^^^^^^^^^^^^^^^^
  File "/home/reality/multi-tenant-sass/backend/venv/lib/python3.12/site-packages/asgiref/sync.py", line 561, in thread_handler
    return func(*args, **kwargs)
           ^^^^^^^^^^^^^^^^^^^^^
  File "/home/reality/multi-tenant-sass/backend/venv/lib/python3.12/site-packages/django/views/decorators/csrf.py", line 65, in _view_wrapper
    return view_func(request, *args, **kwargs)
           ^^^^^^^^^^^^^^^^^^^^^^^^^^^^^^^^^^^
  File "/home/reality/multi-tenant-sass/backend/venv/lib/python3.12/site-packages/django/views/generic/base.py", line 106, in view
    return self.dispatch(request, *args, **kwargs)
           ^^^^^^^^^^^^^^^^^^^^^^^^^^^^^^^^^^^^^^^
  File "/home/reality/multi-tenant-sass/backend/venv/lib/python3.12/site-packages/rest_framework/views.py", line 515, in dispatch
    response = self.handle_exception(exc)
               ^^^^^^^^^^^^^^^^^^^^^^^^^^
  File "/home/reality/multi-tenant-sass/backend/venv/lib/python3.12/site-packages/rest_framework/views.py", line 475, in handle_exception
    self.raise_uncaught_exception(exc)
  File "/home/reality/multi-tenant-sass/backend/venv/lib/python3.12/site-packages/rest_framework/views.py", line 486, in raise_uncaught_exception
    raise exc
  File "/home/reality/multi-tenant-sass/backend/venv/lib/python3.12/site-packages/rest_framework/views.py", line 512, in dispatch
    response = handler(request, *args, **kwargs)
               ^^^^^^^^^^^^^^^^^^^^^^^^^^^^^^^^^
  File "/home/reality/multi-tenant-sass/backend/workspace/api/views.py", line 167, in patch
    InviteService.accept_invite(invite,user,token,request)
  File "/home/reality/multi-tenant-sass/backend/workspace/services/invite.py", line 122, in accept_invite
    audit.save()
  File "/home/reality/multi-tenant-sass/backend/venv/lib/python3.12/site-packages/rest_framework/serializers.py", line 210, in save
    self.instance = self.create(validated_data)
                    ^^^^^^^^^^^^^^^^^^^^^^^^^^^
  File "/home/reality/multi-tenant-sass/backend/venv/lib/python3.12/site-packages/rest_framework/serializers.py", line 1011, in create
    instance = ModelClass._default_manager.create(**validated_data)
               ^^^^^^^^^^^^^^^^^^^^^^^^^^^^^^^^^^^^^^^^^^^^^^^^^^^^
  File "/home/reality/multi-tenant-sass/backend/venv/lib/python3.12/site-packages/django/db/models/manager.py", line 87, in manager_method
    return getattr(self.get_queryset(), name)(*args, **kwargs)
           ^^^^^^^^^^^^^^^^^^^^^^^^^^^^^^^^^^^^^^^^^^^^^^^^^^^
  File "/home/reality/multi-tenant-sass/backend/venv/lib/python3.12/site-packages/django/db/models/query.py", line 669, in create
    obj.save(force_insert=True, using=self.db)
  File "/home/reality/multi-tenant-sass/backend/venv/lib/python3.12/site-packages/django/db/models/base.py", line 874, in save
    self.save_base(
  File "/home/reality/multi-tenant-sass/backend/venv/lib/python3.12/site-packages/django/db/models/base.py", line 966, in save_base
    updated = self._save_table(
              ^^^^^^^^^^^^^^^^^
  File "/home/reality/multi-tenant-sass/backend/venv/lib/python3.12/site-packages/django/db/models/base.py", line 1169, in _save_table
    results = self._do_insert(
              ^^^^^^^^^^^^^^^^
  File "/home/reality/multi-tenant-sass/backend/venv/lib/python3.12/site-packages/django/db/models/base.py", line 1220, in _do_insert
    return manager._insert(
           ^^^^^^^^^^^^^^^^
  File "/home/reality/multi-tenant-sass/backend/venv/lib/python3.12/site-packages/django/db/models/manager.py", line 87, in manager_method
    return getattr(self.get_queryset(), name)(*args, **kwargs)
           ^^^^^^^^^^^^^^^^^^^^^^^^^^^^^^^^^^^^^^^^^^^^^^^^^^^
  File "/home/reality/multi-tenant-sass/backend/venv/lib/python3.12/site-packages/django/db/models/query.py", line 1918, in _insert
    return query.get_compiler(using=using).execute_sql(returning_fields)
           ^^^^^^^^^^^^^^^^^^^^^^^^^^^^^^^^^^^^^^^^^^^^^^^^^^^^^^^^^^^^^
  File "/home/reality/multi-tenant-sass/backend/venv/lib/python3.12/site-packages/django/db/models/sql/compiler.py", line 1925, in execute_sql
    cursor.execute(sql, params)
  File "/home/reality/multi-tenant-sass/backend/venv/lib/python3.12/site-packages/django/db/backends/utils.py", line 122, in execute
    return super().execute(sql, params)
           ^^^^^^^^^^^^^^^^^^^^^^^^^^^^
  File "/home/reality/multi-tenant-sass/backend/venv/lib/python3.12/site-packages/django/db/backends/utils.py", line 79, in execute
    return self._execute_with_wrappers(
           ^^^^^^^^^^^^^^^^^^^^^^^^^^^^
  File "/home/reality/multi-tenant-sass/backend/venv/lib/python3.12/site-packages/django/db/backends/utils.py", line 92, in _execute_with_wrappers
    return executor(sql, params, many, context)
           ^^^^^^^^^^^^^^^^^^^^^^^^^^^^^^^^^^^^
  File "/home/reality/multi-tenant-sass/backend/venv/lib/python3.12/site-packages/django/db/backends/utils.py", line 100, in _execute
    with self.db.wrap_database_errors:
  File "/home/reality/multi-tenant-sass/backend/venv/lib/python3.12/site-packages/django/db/utils.py", line 94, in __exit__
    raise dj_exc_value.with_traceback(traceback) from exc_value
  File "/home/reality/multi-tenant-sass/backend/venv/lib/python3.12/site-packages/django/db/backends/utils.py", line 105, in _execute
    return self.cursor.execute(sql, params)
           ^^^^^^^^^^^^^^^^^^^^^^^^^^^^^^^^
django.db.utils.IntegrityError: null value in column "user_id" of relation "audit_log" violates not-null constraint
DETAIL:  Failing row contains (97, token used, 2026-08-14 19:50:03.259498+00, 71, null).

GET /api/v1/users/me/
GET /api/v1/workspaces/58/pending-request/
GET /api/v1/users/me/
GET /api/v1/workspaces/58/pending-request/
GET /api/v1/users/me/
GET /api/v1/workspaces/58/pending-request/
GET /api/v1/users/me/
GET /api/v1/workspaces/58/pending-request/
Unauthorized: /api/v1/users/me/
POST /api/v1/auth/refresh-token/
GET /api/v1/users/me/
POST /admin/workspace/invitetokenauditlog/
GET /static/admin/css/base.css
GET /static/admin/css/dark_mode.css
GET /static/admin/css/nav_sidebar.css
GET /static/admin/css/responsive.css
GET /static/admin/js/theme.js
GET /static/admin/js/vendor/jquery/jquery.js
GET /static/admin/js/jquery.init.js
GET /static/admin/js/core.js
GET /static/admin/js/actions.js
GET /static/admin/js/admin/RelatedObjectLookups.js
GET /static/admin/js/urlify.js
GET /static/admin/js/vendor/xregexp/xregexp.js
GET /static/admin/js/prepopulate.js
GET /static/admin/js/nav_sidebar.js
GET /static/admin/js/cancel.js
GET /static/admin/img/icon-addlink.svg
POST /admin/workspace/invitetokenauditlog/
GET /admin/workspace/invitetokenauditlog/
GET /static/admin/css/base.css
GET /static/admin/css/dark_mode.css
GET /static/admin/js/theme.js
GET /static/admin/css/nav_sidebar.css
GET /admin/jsi18n/
GET /static/admin/css/changelists.css
GET /static/admin/css/responsive.css
GET /static/admin/js/vendor/jquery/jquery.js
GET /static/admin/js/jquery.init.js
GET /static/admin/js/core.js
GET /static/admin/js/admin/RelatedObjectLookups.js
GET /static/admin/js/actions.js
GET /static/admin/js/urlify.js
GET /static/admin/js/prepopulate.js
GET /static/admin/js/vendor/xregexp/xregexp.js
GET /static/admin/js/nav_sidebar.js
GET /static/admin/js/filters.js
GET /static/admin/img/icon-yes-dark.svg
GET /static/admin/img/icon-addlink.svg
GET /static/admin/img/tooltag-add.svg
GET /api/v1/users/me/
GET /api/v1/workspaces/58/pending-request/
PATCH /api/v1/workspaces/58/accept-invite/
Internal Server Error: /api/v1/workspaces/58/accept-invite/
Traceback (most recent call last):
  File "/home/reality/multi-tenant-sass/backend/venv/lib/python3.12/site-packages/django/db/backends/utils.py", line 105, in _execute
    return self.cursor.execute(sql, params)
           ^^^^^^^^^^^^^^^^^^^^^^^^^^^^^^^^
psycopg2.errors.NotNullViolation: null value in column "user_id" of relation "audit_log" violates not-null constraint
DETAIL:  Failing row contains (98, token used, 2026-08-14 19:57:22.746418+00, 71, null).


The above exception was the direct cause of the following exception:

Traceback (most recent call last):
  File "/home/reality/multi-tenant-sass/backend/venv/lib/python3.12/site-packages/asgiref/sync.py", line 557, in thread_handler
    raise exc_info[1]
  File "/home/reality/multi-tenant-sass/backend/venv/lib/python3.12/site-packages/django/core/handlers/exception.py", line 42, in inner
    response = await get_response(request)
               ^^^^^^^^^^^^^^^^^^^^^^^^^^^
  File "/home/reality/multi-tenant-sass/backend/venv/lib/python3.12/site-packages/asgiref/sync.py", line 557, in thread_handler
    raise exc_info[1]
  File "/home/reality/multi-tenant-sass/backend/venv/lib/python3.12/site-packages/django/core/handlers/base.py", line 254, in _get_response_async
    response = await wrapped_callback(
               ^^^^^^^^^^^^^^^^^^^^^^^
  File "/home/reality/multi-tenant-sass/backend/venv/lib/python3.12/site-packages/asgiref/sync.py", line 506, in __call__
    ret = await asyncio.shield(exec_coro)
          ^^^^^^^^^^^^^^^^^^^^^^^^^^^^^^^
  File "/home/reality/multi-tenant-sass/backend/venv/lib/python3.12/site-packages/asgiref/current_thread_executor.py", line 40, in run
    result = self.fn(*self.args, **self.kwargs)
             ^^^^^^^^^^^^^^^^^^^^^^^^^^^^^^^^^^
  File "/home/reality/multi-tenant-sass/backend/venv/lib/python3.12/site-packages/asgiref/sync.py", line 561, in thread_handler
    return func(*args, **kwargs)
           ^^^^^^^^^^^^^^^^^^^^^
  File "/home/reality/multi-tenant-sass/backend/venv/lib/python3.12/site-packages/django/views/decorators/csrf.py", line 65, in _view_wrapper
    return view_func(request, *args, **kwargs)
           ^^^^^^^^^^^^^^^^^^^^^^^^^^^^^^^^^^^
  File "/home/reality/multi-tenant-sass/backend/venv/lib/python3.12/site-packages/django/views/generic/base.py", line 106, in view
    return self.dispatch(request, *args, **kwargs)
           ^^^^^^^^^^^^^^^^^^^^^^^^^^^^^^^^^^^^^^^
  File "/home/reality/multi-tenant-sass/backend/venv/lib/python3.12/site-packages/rest_framework/views.py", line 515, in dispatch
    response = self.handle_exception(exc)
               ^^^^^^^^^^^^^^^^^^^^^^^^^^
  File "/home/reality/multi-tenant-sass/backend/venv/lib/python3.12/site-packages/rest_framework/views.py", line 475, in handle_exception
    self.raise_uncaught_exception(exc)
  File "/home/reality/multi-tenant-sass/backend/venv/lib/python3.12/site-packages/rest_framework/views.py", line 486, in raise_uncaught_exception
    raise exc
  File "/home/reality/multi-tenant-sass/backend/venv/lib/python3.12/site-packages/rest_framework/views.py", line 512, in dispatch
    response = handler(request, *args, **kwargs)
               ^^^^^^^^^^^^^^^^^^^^^^^^^^^^^^^^^
  File "/home/reality/multi-tenant-sass/backend/workspace/api/views.py", line 167, in patch
    InviteService.accept_invite(invite,user,token,request)
  File "/home/reality/multi-tenant-sass/backend/workspace/services/invite.py", line 122, in accept_invite
    audit.save()
  File "/home/reality/multi-tenant-sass/backend/venv/lib/python3.12/site-packages/rest_framework/serializers.py", line 210, in save
    self.instance = self.create(validated_data)
                    ^^^^^^^^^^^^^^^^^^^^^^^^^^^
  File "/home/reality/multi-tenant-sass/backend/venv/lib/python3.12/site-packages/rest_framework/serializers.py", line 1011, in create
    instance = ModelClass._default_manager.create(**validated_data)
               ^^^^^^^^^^^^^^^^^^^^^^^^^^^^^^^^^^^^^^^^^^^^^^^^^^^^
  File "/home/reality/multi-tenant-sass/backend/venv/lib/python3.12/site-packages/django/db/models/manager.py", line 87, in manager_method
    return getattr(self.get_queryset(), name)(*args, **kwargs)
           ^^^^^^^^^^^^^^^^^^^^^^^^^^^^^^^^^^^^^^^^^^^^^^^^^^^
  File "/home/reality/multi-tenant-sass/backend/venv/lib/python3.12/site-packages/django/db/models/query.py", line 669, in create
    obj.save(force_insert=True, using=self.db)
  File "/home/reality/multi-tenant-sass/backend/venv/lib/python3.12/site-packages/django/db/models/base.py", line 874, in save
    self.save_base(
  File "/home/reality/multi-tenant-sass/backend/venv/lib/python3.12/site-packages/django/db/models/base.py", line 966, in save_base
    updated = self._save_table(
              ^^^^^^^^^^^^^^^^^
  File "/home/reality/multi-tenant-sass/backend/venv/lib/python3.12/site-packages/django/db/models/base.py", line 1169, in _save_table
    results = self._do_insert(
              ^^^^^^^^^^^^^^^^
  File "/home/reality/multi-tenant-sass/backend/venv/lib/python3.12/site-packages/django/db/models/base.py", line 1220, in _do_insert
    return manager._insert(
           ^^^^^^^^^^^^^^^^
  File "/home/reality/multi-tenant-sass/backend/venv/lib/python3.12/site-packages/django/db/models/manager.py", line 87, in manager_method
    return getattr(self.get_queryset(), name)(*args, **kwargs)
           ^^^^^^^^^^^^^^^^^^^^^^^^^^^^^^^^^^^^^^^^^^^^^^^^^^^
  File "/home/reality/multi-tenant-sass/backend/venv/lib/python3.12/site-packages/django/db/models/query.py", line 1918, in _insert
    return query.get_compiler(using=using).execute_sql(returning_fields)
           ^^^^^^^^^^^^^^^^^^^^^^^^^^^^^^^^^^^^^^^^^^^^^^^^^^^^^^^^^^^^^
  File "/home/reality/multi-tenant-sass/backend/venv/lib/python3.12/site-packages/django/db/models/sql/compiler.py", line 1925, in execute_sql
    cursor.execute(sql, params)
  File "/home/reality/multi-tenant-sass/backend/venv/lib/python3.12/site-packages/django/db/backends/utils.py", line 122, in execute
    return super().execute(sql, params)
           ^^^^^^^^^^^^^^^^^^^^^^^^^^^^
  File "/home/reality/multi-tenant-sass/backend/venv/lib/python3.12/site-packages/django/db/backends/utils.py", line 79, in execute
    return self._execute_with_wrappers(
           ^^^^^^^^^^^^^^^^^^^^^^^^^^^^
  File "/home/reality/multi-tenant-sass/backend/venv/lib/python3.12/site-packages/django/db/backends/utils.py", line 92, in _execute_with_wrappers
    return executor(sql, params, many, context)
           ^^^^^^^^^^^^^^^^^^^^^^^^^^^^^^^^^^^^
  File "/home/reality/multi-tenant-sass/backend/venv/lib/python3.12/site-packages/django/db/backends/utils.py", line 100, in _execute
    with self.db.wrap_database_errors:
  File "/home/reality/multi-tenant-sass/backend/venv/lib/python3.12/site-packages/django/db/utils.py", line 94, in __exit__
    raise dj_exc_value.with_traceback(traceback) from exc_value
  File "/home/reality/multi-tenant-sass/backend/venv/lib/python3.12/site-packages/django/db/backends/utils.py", line 105, in _execute
    return self.cursor.execute(sql, params)
           ^^^^^^^^^^^^^^^^^^^^^^^^^^^^^^^^
django.db.utils.IntegrityError: null value in column "user_id" of relation "audit_log" violates not-null constraint
DETAIL:  Failing row contains (98, token used, 2026-08-14 19:57:22.746418+00, 71, null).

Killed 0 pending application instances
Starting server at tcp:port=8000:interface=0.0.0.0
HTTP/2 support not enabled (install the http2 and tls Twisted extras)
Configuring endpoint tcp:port=8000:interface=0.0.0.0
Listening on TCP address 0.0.0.0:8000
GET /api/v1/users/me/
GET /api/v1/workspaces/58/pending-request/
Unauthorized: /api/v1/users/me/
POST /api/v1/auth/refresh-token/
GET /api/v1/users/me/
PATCH /api/v1/workspaces/58/accept-invite/
GET /api/v1/workspaces/
GET /api/v1/users/me/
GET /api/v1/workspaces/
GET /api/v1/workspaces/
GET /api/v1/workspaces/
GET /api/v1/workspaces/1/role/
GET /api/v1/workspaces/
GET /api/v1/workspaces/1/members/
GET /api/v1/users/me/
GET /api/v1/workspaces/
GET /api/v1/workspaces/1/role/
GET /api/v1/workspaces/1/members/
GET /api/v1/users/me/
GET /api/v1/workspaces/
GET /api/v1/users/me/
GET /api/v1/workspaces/1/role/
GET /api/v1/workspaces/
GET /api/v1/workspaces/1/members/
GET /api/v1/users/me/
GET /api/v1/workspaces/1/project/89/
GET /api/v1/workspaces/
GET /api/v1/workspaces/1/role/
GET /api/v1/users/me/
Internal Server Error: /api/v1/workspaces/1/project/89/
Traceback (most recent call last):
  File "/home/reality/multi-tenant-sass/backend/venv/lib/python3.12/site-packages/asgiref/sync.py", line 557, in thread_handler
    raise exc_info[1]
  File "/home/reality/multi-tenant-sass/backend/venv/lib/python3.12/site-packages/django/core/handlers/exception.py", line 42, in inner
    response = await get_response(request)
               ^^^^^^^^^^^^^^^^^^^^^^^^^^^
  File "/home/reality/multi-tenant-sass/backend/venv/lib/python3.12/site-packages/asgiref/sync.py", line 557, in thread_handler
    raise exc_info[1]
  File "/home/reality/multi-tenant-sass/backend/venv/lib/python3.12/site-packages/django/core/handlers/base.py", line 254, in _get_response_async
    response = await wrapped_callback(
               ^^^^^^^^^^^^^^^^^^^^^^^
  File "/home/reality/multi-tenant-sass/backend/venv/lib/python3.12/site-packages/asgiref/sync.py", line 506, in __call__
    ret = await asyncio.shield(exec_coro)
          ^^^^^^^^^^^^^^^^^^^^^^^^^^^^^^^
  File "/home/reality/multi-tenant-sass/backend/venv/lib/python3.12/site-packages/asgiref/current_thread_executor.py", line 40, in run
    result = self.fn(*self.args, **self.kwargs)
             ^^^^^^^^^^^^^^^^^^^^^^^^^^^^^^^^^^
  File "/home/reality/multi-tenant-sass/backend/venv/lib/python3.12/site-packages/asgiref/sync.py", line 561, in thread_handler
    return func(*args, **kwargs)
           ^^^^^^^^^^^^^^^^^^^^^
  File "/home/reality/multi-tenant-sass/backend/venv/lib/python3.12/site-packages/django/views/decorators/csrf.py", line 65, in _view_wrapper
    return view_func(request, *args, **kwargs)
           ^^^^^^^^^^^^^^^^^^^^^^^^^^^^^^^^^^^
  File "/home/reality/multi-tenant-sass/backend/venv/lib/python3.12/site-packages/django/views/generic/base.py", line 106, in view
    return self.dispatch(request, *args, **kwargs)
           ^^^^^^^^^^^^^^^^^^^^^^^^^^^^^^^^^^^^^^^
  File "/home/reality/multi-tenant-sass/backend/venv/lib/python3.12/site-packages/rest_framework/views.py", line 515, in dispatch
    response = self.handle_exception(exc)
               ^^^^^^^^^^^^^^^^^^^^^^^^^^
  File "/home/reality/multi-tenant-sass/backend/venv/lib/python3.12/site-packages/rest_framework/views.py", line 475, in handle_exception
    self.raise_uncaught_exception(exc)
  File "/home/reality/multi-tenant-sass/backend/venv/lib/python3.12/site-packages/rest_framework/views.py", line 486, in raise_uncaught_exception
    raise exc
  File "/home/reality/multi-tenant-sass/backend/venv/lib/python3.12/site-packages/rest_framework/views.py", line 512, in dispatch
    response = handler(request, *args, **kwargs)
               ^^^^^^^^^^^^^^^^^^^^^^^^^^^^^^^^^
  File "/home/reality/multi-tenant-sass/backend/venv/lib/python3.12/site-packages/rest_framework/generics.py", line 286, in get
    return self.retrieve(request, *args, **kwargs)
           ^^^^^^^^^^^^^^^^^^^^^^^^^^^^^^^^^^^^^^^
  File "/home/reality/multi-tenant-sass/backend/venv/lib/python3.12/site-packages/rest_framework/mixins.py", line 56, in retrieve
    return Response(serializer.data)
                    ^^^^^^^^^^^^^^^
  File "/home/reality/multi-tenant-sass/backend/venv/lib/python3.12/site-packages/rest_framework/serializers.py", line 585, in data
    ret = super().data
          ^^^^^^^^^^^^
  File "/home/reality/multi-tenant-sass/backend/venv/lib/python3.12/site-packages/rest_framework/serializers.py", line 251, in data
    self._data = self.to_representation(self.instance)
                 ^^^^^^^^^^^^^^^^^^^^^^^^^^^^^^^^^^^^^
  File "/home/reality/multi-tenant-sass/backend/venv/lib/python3.12/site-packages/rest_framework/serializers.py", line 552, in to_representation
    ret[field.field_name] = field.to_representation(attribute)
                            ^^^^^^^^^^^^^^^^^^^^^^^^^^^^^^^^^^
  File "/home/reality/multi-tenant-sass/backend/venv/lib/python3.12/site-packages/rest_framework/fields.py", line 1929, in to_representation
    return method(value)
           ^^^^^^^^^^^^^
  File "/home/reality/multi-tenant-sass/backend/workspace/api/serializers.py", line 166, in get_project_members
  File "/home/reality/multi-tenant-sass/backend/venv/lib/python3.12/site-packages/django/db/models/query.py", line 1550, in exclude
    return self._filter_or_exclude(True, args, kwargs)
           ^^^^^^^^^^^^^^^^^^^^^^^^^^^^^^^^^^^^^^^^^^^
  File "/home/reality/multi-tenant-sass/backend/venv/lib/python3.12/site-packages/django/db/models/query.py", line 1560, in _filter_or_exclude
    clone._filter_or_exclude_inplace(negate, args, kwargs)
  File "/home/reality/multi-tenant-sass/backend/venv/lib/python3.12/site-packages/django/db/models/query.py", line 1568, in _filter_or_exclude_inplace
    self._query.add_q(~Q(*args, **kwargs))
  File "/home/reality/multi-tenant-sass/backend/venv/lib/python3.12/site-packages/django/db/models/sql/query.py", line 1676, in add_q
    clause, _ = self._add_q(q_object, can_reuse)
                ^^^^^^^^^^^^^^^^^^^^^^^^^^^^^^^^
  File "/home/reality/multi-tenant-sass/backend/venv/lib/python3.12/site-packages/django/db/models/sql/query.py", line 1708, in _add_q
    child_clause, needed_inner = self.build_filter(
                                 ^^^^^^^^^^^^^^^^^^
  File "/home/reality/multi-tenant-sass/backend/venv/lib/python3.12/site-packages/django/db/models/sql/query.py", line 1556, in build_filter
    lookups, parts, reffed_expression = self.solve_lookup_type(arg, summarize)
                                        ^^^^^^^^^^^^^^^^^^^^^^^^^^^^^^^^^^^^^^
  File "/home/reality/multi-tenant-sass/backend/venv/lib/python3.12/site-packages/django/db/models/sql/query.py", line 1363, in solve_lookup_type
    _, field, _, lookup_parts = self.names_to_path(lookup_splitted, self.get_meta())
                                ^^^^^^^^^^^^^^^^^^^^^^^^^^^^^^^^^^^^^^^^^^^^^^^^^^^^
  File "/home/reality/multi-tenant-sass/backend/venv/lib/python3.12/site-packages/django/db/models/sql/query.py", line 1842, in names_to_path
    raise FieldError(
django.core.exceptions.FieldError: Cannot resolve keyword 'user' into field. Choices are: id, member, member_id, project, project_id, role
GET /api/v1/workspaces/1/project/89/
Internal Server Error: /api/v1/workspaces/1/project/89/
Traceback (most recent call last):
  File "/home/reality/multi-tenant-sass/backend/venv/lib/python3.12/site-packages/asgiref/sync.py", line 557, in thread_handler
    raise exc_info[1]
  File "/home/reality/multi-tenant-sass/backend/venv/lib/python3.12/site-packages/django/core/handlers/exception.py", line 42, in inner
    response = await get_response(request)
               ^^^^^^^^^^^^^^^^^^^^^^^^^^^
  File "/home/reality/multi-tenant-sass/backend/venv/lib/python3.12/site-packages/asgiref/sync.py", line 557, in thread_handler
    raise exc_info[1]
  File "/home/reality/multi-tenant-sass/backend/venv/lib/python3.12/site-packages/django/core/handlers/base.py", line 254, in _get_response_async
    response = await wrapped_callback(
               ^^^^^^^^^^^^^^^^^^^^^^^
  File "/home/reality/multi-tenant-sass/backend/venv/lib/python3.12/site-packages/asgiref/sync.py", line 506, in __call__
    ret = await asyncio.shield(exec_coro)
          ^^^^^^^^^^^^^^^^^^^^^^^^^^^^^^^
  File "/home/reality/multi-tenant-sass/backend/venv/lib/python3.12/site-packages/asgiref/current_thread_executor.py", line 40, in run
    result = self.fn(*self.args, **self.kwargs)
             ^^^^^^^^^^^^^^^^^^^^^^^^^^^^^^^^^^
  File "/home/reality/multi-tenant-sass/backend/venv/lib/python3.12/site-packages/asgiref/sync.py", line 561, in thread_handler
    return func(*args, **kwargs)
           ^^^^^^^^^^^^^^^^^^^^^
  File "/home/reality/multi-tenant-sass/backend/venv/lib/python3.12/site-packages/django/views/decorators/csrf.py", line 65, in _view_wrapper
    return view_func(request, *args, **kwargs)
           ^^^^^^^^^^^^^^^^^^^^^^^^^^^^^^^^^^^
  File "/home/reality/multi-tenant-sass/backend/venv/lib/python3.12/site-packages/django/views/generic/base.py", line 106, in view
    return self.dispatch(request, *args, **kwargs)
           ^^^^^^^^^^^^^^^^^^^^^^^^^^^^^^^^^^^^^^^
  File "/home/reality/multi-tenant-sass/backend/venv/lib/python3.12/site-packages/rest_framework/views.py", line 515, in dispatch
    response = self.handle_exception(exc)
               ^^^^^^^^^^^^^^^^^^^^^^^^^^
  File "/home/reality/multi-tenant-sass/backend/venv/lib/python3.12/site-packages/rest_framework/views.py", line 475, in handle_exception
    self.raise_uncaught_exception(exc)
  File "/home/reality/multi-tenant-sass/backend/venv/lib/python3.12/site-packages/rest_framework/views.py", line 486, in raise_uncaught_exception
    raise exc
  File "/home/reality/multi-tenant-sass/backend/venv/lib/python3.12/site-packages/rest_framework/views.py", line 512, in dispatch
    response = handler(request, *args, **kwargs)
               ^^^^^^^^^^^^^^^^^^^^^^^^^^^^^^^^^
  File "/home/reality/multi-tenant-sass/backend/venv/lib/python3.12/site-packages/rest_framework/generics.py", line 286, in get
    return self.retrieve(request, *args, **kwargs)
           ^^^^^^^^^^^^^^^^^^^^^^^^^^^^^^^^^^^^^^^
  File "/home/reality/multi-tenant-sass/backend/venv/lib/python3.12/site-packages/rest_framework/mixins.py", line 56, in retrieve
    return Response(serializer.data)
                    ^^^^^^^^^^^^^^^
  File "/home/reality/multi-tenant-sass/backend/venv/lib/python3.12/site-packages/rest_framework/serializers.py", line 585, in data
    ret = super().data
          ^^^^^^^^^^^^
  File "/home/reality/multi-tenant-sass/backend/venv/lib/python3.12/site-packages/rest_framework/serializers.py", line 251, in data
    self._data = self.to_representation(self.instance)
                 ^^^^^^^^^^^^^^^^^^^^^^^^^^^^^^^^^^^^^
  File "/home/reality/multi-tenant-sass/backend/venv/lib/python3.12/site-packages/rest_framework/serializers.py", line 552, in to_representation
    ret[field.field_name] = field.to_representation(attribute)
                            ^^^^^^^^^^^^^^^^^^^^^^^^^^^^^^^^^^
  File "/home/reality/multi-tenant-sass/backend/venv/lib/python3.12/site-packages/rest_framework/fields.py", line 1929, in to_representation
    return method(value)
           ^^^^^^^^^^^^^
  File "/home/reality/multi-tenant-sass/backend/workspace/api/serializers.py", line 166, in get_project_members
  File "/home/reality/multi-tenant-sass/backend/venv/lib/python3.12/site-packages/django/db/models/query.py", line 1550, in exclude
    return self._filter_or_exclude(True, args, kwargs)
           ^^^^^^^^^^^^^^^^^^^^^^^^^^^^^^^^^^^^^^^^^^^
  File "/home/reality/multi-tenant-sass/backend/venv/lib/python3.12/site-packages/django/db/models/query.py", line 1560, in _filter_or_exclude
    clone._filter_or_exclude_inplace(negate, args, kwargs)
  File "/home/reality/multi-tenant-sass/backend/venv/lib/python3.12/site-packages/django/db/models/query.py", line 1568, in _filter_or_exclude_inplace
    self._query.add_q(~Q(*args, **kwargs))
  File "/home/reality/multi-tenant-sass/backend/venv/lib/python3.12/site-packages/django/db/models/sql/query.py", line 1676, in add_q
    clause, _ = self._add_q(q_object, can_reuse)
                ^^^^^^^^^^^^^^^^^^^^^^^^^^^^^^^^
  File "/home/reality/multi-tenant-sass/backend/venv/lib/python3.12/site-packages/django/db/models/sql/query.py", line 1708, in _add_q
    child_clause, needed_inner = self.build_filter(
                                 ^^^^^^^^^^^^^^^^^^
  File "/home/reality/multi-tenant-sass/backend/venv/lib/python3.12/site-packages/django/db/models/sql/query.py", line 1556, in build_filter
    lookups, parts, reffed_expression = self.solve_lookup_type(arg, summarize)
                                        ^^^^^^^^^^^^^^^^^^^^^^^^^^^^^^^^^^^^^^
  File "/home/reality/multi-tenant-sass/backend/venv/lib/python3.12/site-packages/django/db/models/sql/query.py", line 1363, in solve_lookup_type
    _, field, _, lookup_parts = self.names_to_path(lookup_splitted, self.get_meta())
                                ^^^^^^^^^^^^^^^^^^^^^^^^^^^^^^^^^^^^^^^^^^^^^^^^^^^^
  File "/home/reality/multi-tenant-sass/backend/venv/lib/python3.12/site-packages/django/db/models/sql/query.py", line 1842, in names_to_path
    raise FieldError(
django.core.exceptions.FieldError: Cannot resolve keyword 'user' into field. Choices are: id, member, member_id, project, project_id, role
GET /api/v1/workspaces/1/project/89/
Internal Server Error: /api/v1/workspaces/1/project/89/
Traceback (most recent call last):
  File "/home/reality/multi-tenant-sass/backend/venv/lib/python3.12/site-packages/asgiref/sync.py", line 557, in thread_handler
    raise exc_info[1]
  File "/home/reality/multi-tenant-sass/backend/venv/lib/python3.12/site-packages/django/core/handlers/exception.py", line 42, in inner
    response = await get_response(request)
               ^^^^^^^^^^^^^^^^^^^^^^^^^^^
  File "/home/reality/multi-tenant-sass/backend/venv/lib/python3.12/site-packages/asgiref/sync.py", line 557, in thread_handler
    raise exc_info[1]
  File "/home/reality/multi-tenant-sass/backend/venv/lib/python3.12/site-packages/django/core/handlers/base.py", line 254, in _get_response_async
    response = await wrapped_callback(
               ^^^^^^^^^^^^^^^^^^^^^^^
  File "/home/reality/multi-tenant-sass/backend/venv/lib/python3.12/site-packages/asgiref/sync.py", line 506, in __call__
    ret = await asyncio.shield(exec_coro)
          ^^^^^^^^^^^^^^^^^^^^^^^^^^^^^^^
  File "/home/reality/multi-tenant-sass/backend/venv/lib/python3.12/site-packages/asgiref/current_thread_executor.py", line 40, in run
    result = self.fn(*self.args, **self.kwargs)
             ^^^^^^^^^^^^^^^^^^^^^^^^^^^^^^^^^^
  File "/home/reality/multi-tenant-sass/backend/venv/lib/python3.12/site-packages/asgiref/sync.py", line 561, in thread_handler
    return func(*args, **kwargs)
           ^^^^^^^^^^^^^^^^^^^^^
  File "/home/reality/multi-tenant-sass/backend/venv/lib/python3.12/site-packages/django/views/decorators/csrf.py", line 65, in _view_wrapper
    return view_func(request, *args, **kwargs)
           ^^^^^^^^^^^^^^^^^^^^^^^^^^^^^^^^^^^
  File "/home/reality/multi-tenant-sass/backend/venv/lib/python3.12/site-packages/django/views/generic/base.py", line 106, in view
    return self.dispatch(request, *args, **kwargs)
           ^^^^^^^^^^^^^^^^^^^^^^^^^^^^^^^^^^^^^^^
  File "/home/reality/multi-tenant-sass/backend/venv/lib/python3.12/site-packages/rest_framework/views.py", line 515, in dispatch
    response = self.handle_exception(exc)
               ^^^^^^^^^^^^^^^^^^^^^^^^^^
  File "/home/reality/multi-tenant-sass/backend/venv/lib/python3.12/site-packages/rest_framework/views.py", line 475, in handle_exception
    self.raise_uncaught_exception(exc)
  File "/home/reality/multi-tenant-sass/backend/venv/lib/python3.12/site-packages/rest_framework/views.py", line 486, in raise_uncaught_exception
    raise exc
  File "/home/reality/multi-tenant-sass/backend/venv/lib/python3.12/site-packages/rest_framework/views.py", line 512, in dispatch
    response = handler(request, *args, **kwargs)
               ^^^^^^^^^^^^^^^^^^^^^^^^^^^^^^^^^
  File "/home/reality/multi-tenant-sass/backend/venv/lib/python3.12/site-packages/rest_framework/generics.py", line 286, in get
    return self.retrieve(request, *args, **kwargs)
           ^^^^^^^^^^^^^^^^^^^^^^^^^^^^^^^^^^^^^^^
  File "/home/reality/multi-tenant-sass/backend/venv/lib/python3.12/site-packages/rest_framework/mixins.py", line 56, in retrieve
    return Response(serializer.data)
                    ^^^^^^^^^^^^^^^
  File "/home/reality/multi-tenant-sass/backend/venv/lib/python3.12/site-packages/rest_framework/serializers.py", line 585, in data
    ret = super().data
          ^^^^^^^^^^^^
  File "/home/reality/multi-tenant-sass/backend/venv/lib/python3.12/site-packages/rest_framework/serializers.py", line 251, in data
    self._data = self.to_representation(self.instance)
                 ^^^^^^^^^^^^^^^^^^^^^^^^^^^^^^^^^^^^^
  File "/home/reality/multi-tenant-sass/backend/venv/lib/python3.12/site-packages/rest_framework/serializers.py", line 552, in to_representation
    ret[field.field_name] = field.to_representation(attribute)
                            ^^^^^^^^^^^^^^^^^^^^^^^^^^^^^^^^^^
  File "/home/reality/multi-tenant-sass/backend/venv/lib/python3.12/site-packages/rest_framework/fields.py", line 1929, in to_representation
    return method(value)
           ^^^^^^^^^^^^^
  File "/home/reality/multi-tenant-sass/backend/workspace/api/serializers.py", line 166, in get_project_members
  File "/home/reality/multi-tenant-sass/backend/venv/lib/python3.12/site-packages/django/db/models/query.py", line 1550, in exclude
    return self._filter_or_exclude(True, args, kwargs)
           ^^^^^^^^^^^^^^^^^^^^^^^^^^^^^^^^^^^^^^^^^^^
  File "/home/reality/multi-tenant-sass/backend/venv/lib/python3.12/site-packages/django/db/models/query.py", line 1560, in _filter_or_exclude
    clone._filter_or_exclude_inplace(negate, args, kwargs)
  File "/home/reality/multi-tenant-sass/backend/venv/lib/python3.12/site-packages/django/db/models/query.py", line 1568, in _filter_or_exclude_inplace
    self._query.add_q(~Q(*args, **kwargs))
  File "/home/reality/multi-tenant-sass/backend/venv/lib/python3.12/site-packages/django/db/models/sql/query.py", line 1676, in add_q
    clause, _ = self._add_q(q_object, can_reuse)
                ^^^^^^^^^^^^^^^^^^^^^^^^^^^^^^^^
  File "/home/reality/multi-tenant-sass/backend/venv/lib/python3.12/site-packages/django/db/models/sql/query.py", line 1708, in _add_q
    child_clause, needed_inner = self.build_filter(
                                 ^^^^^^^^^^^^^^^^^^
  File "/home/reality/multi-tenant-sass/backend/venv/lib/python3.12/site-packages/django/db/models/sql/query.py", line 1556, in build_filter
    lookups, parts, reffed_expression = self.solve_lookup_type(arg, summarize)
                                        ^^^^^^^^^^^^^^^^^^^^^^^^^^^^^^^^^^^^^^
  File "/home/reality/multi-tenant-sass/backend/venv/lib/python3.12/site-packages/django/db/models/sql/query.py", line 1363, in solve_lookup_type
    _, field, _, lookup_parts = self.names_to_path(lookup_splitted, self.get_meta())
                                ^^^^^^^^^^^^^^^^^^^^^^^^^^^^^^^^^^^^^^^^^^^^^^^^^^^^
  File "/home/reality/multi-tenant-sass/backend/venv/lib/python3.12/site-packages/django/db/models/sql/query.py", line 1842, in names_to_path
    raise FieldError(
django.core.exceptions.FieldError: Cannot resolve keyword 'user' into field. Choices are: id, member, member_id, project, project_id, role
GET /api/v1/workspaces/1/project/89/
Internal Server Error: /api/v1/workspaces/1/project/89/
Traceback (most recent call last):
  File "/home/reality/multi-tenant-sass/backend/venv/lib/python3.12/site-packages/asgiref/sync.py", line 557, in thread_handler
    raise exc_info[1]
  File "/home/reality/multi-tenant-sass/backend/venv/lib/python3.12/site-packages/django/core/handlers/exception.py", line 42, in inner
    response = await get_response(request)
               ^^^^^^^^^^^^^^^^^^^^^^^^^^^
  File "/home/reality/multi-tenant-sass/backend/venv/lib/python3.12/site-packages/asgiref/sync.py", line 557, in thread_handler
    raise exc_info[1]
  File "/home/reality/multi-tenant-sass/backend/venv/lib/python3.12/site-packages/django/core/handlers/base.py", line 254, in _get_response_async
    response = await wrapped_callback(
               ^^^^^^^^^^^^^^^^^^^^^^^
  File "/home/reality/multi-tenant-sass/backend/venv/lib/python3.12/site-packages/asgiref/sync.py", line 506, in __call__
    ret = await asyncio.shield(exec_coro)
          ^^^^^^^^^^^^^^^^^^^^^^^^^^^^^^^
  File "/home/reality/multi-tenant-sass/backend/venv/lib/python3.12/site-packages/asgiref/current_thread_executor.py", line 40, in run
    result = self.fn(*self.args, **self.kwargs)
             ^^^^^^^^^^^^^^^^^^^^^^^^^^^^^^^^^^
  File "/home/reality/multi-tenant-sass/backend/venv/lib/python3.12/site-packages/asgiref/sync.py", line 561, in thread_handler
    return func(*args, **kwargs)
           ^^^^^^^^^^^^^^^^^^^^^
  File "/home/reality/multi-tenant-sass/backend/venv/lib/python3.12/site-packages/django/views/decorators/csrf.py", line 65, in _view_wrapper
    return view_func(request, *args, **kwargs)
           ^^^^^^^^^^^^^^^^^^^^^^^^^^^^^^^^^^^
  File "/home/reality/multi-tenant-sass/backend/venv/lib/python3.12/site-packages/django/views/generic/base.py", line 106, in view
    return self.dispatch(request, *args, **kwargs)
           ^^^^^^^^^^^^^^^^^^^^^^^^^^^^^^^^^^^^^^^
  File "/home/reality/multi-tenant-sass/backend/venv/lib/python3.12/site-packages/rest_framework/views.py", line 515, in dispatch
    response = self.handle_exception(exc)
               ^^^^^^^^^^^^^^^^^^^^^^^^^^
  File "/home/reality/multi-tenant-sass/backend/venv/lib/python3.12/site-packages/rest_framework/views.py", line 475, in handle_exception
    self.raise_uncaught_exception(exc)
  File "/home/reality/multi-tenant-sass/backend/venv/lib/python3.12/site-packages/rest_framework/views.py", line 486, in raise_uncaught_exception
    raise exc
  File "/home/reality/multi-tenant-sass/backend/venv/lib/python3.12/site-packages/rest_framework/views.py", line 512, in dispatch
    response = handler(request, *args, **kwargs)
               ^^^^^^^^^^^^^^^^^^^^^^^^^^^^^^^^^
  File "/home/reality/multi-tenant-sass/backend/venv/lib/python3.12/site-packages/rest_framework/generics.py", line 286, in get
    return self.retrieve(request, *args, **kwargs)
           ^^^^^^^^^^^^^^^^^^^^^^^^^^^^^^^^^^^^^^^
  File "/home/reality/multi-tenant-sass/backend/venv/lib/python3.12/site-packages/rest_framework/mixins.py", line 56, in retrieve
    return Response(serializer.data)
                    ^^^^^^^^^^^^^^^
  File "/home/reality/multi-tenant-sass/backend/venv/lib/python3.12/site-packages/rest_framework/serializers.py", line 585, in data
    ret = super().data
          ^^^^^^^^^^^^
  File "/home/reality/multi-tenant-sass/backend/venv/lib/python3.12/site-packages/rest_framework/serializers.py", line 251, in data
    self._data = self.to_representation(self.instance)
                 ^^^^^^^^^^^^^^^^^^^^^^^^^^^^^^^^^^^^^
  File "/home/reality/multi-tenant-sass/backend/venv/lib/python3.12/site-packages/rest_framework/serializers.py", line 552, in to_representation
    ret[field.field_name] = field.to_representation(attribute)
                            ^^^^^^^^^^^^^^^^^^^^^^^^^^^^^^^^^^
  File "/home/reality/multi-tenant-sass/backend/venv/lib/python3.12/site-packages/rest_framework/fields.py", line 1929, in to_representation
    return method(value)
           ^^^^^^^^^^^^^
  File "/home/reality/multi-tenant-sass/backend/workspace/api/serializers.py", line 166, in get_project_members
  File "/home/reality/multi-tenant-sass/backend/venv/lib/python3.12/site-packages/django/db/models/query.py", line 1550, in exclude
    return self._filter_or_exclude(True, args, kwargs)
           ^^^^^^^^^^^^^^^^^^^^^^^^^^^^^^^^^^^^^^^^^^^
  File "/home/reality/multi-tenant-sass/backend/venv/lib/python3.12/site-packages/django/db/models/query.py", line 1560, in _filter_or_exclude
    clone._filter_or_exclude_inplace(negate, args, kwargs)
  File "/home/reality/multi-tenant-sass/backend/venv/lib/python3.12/site-packages/django/db/models/query.py", line 1568, in _filter_or_exclude_inplace
    self._query.add_q(~Q(*args, **kwargs))
  File "/home/reality/multi-tenant-sass/backend/venv/lib/python3.12/site-packages/django/db/models/sql/query.py", line 1676, in add_q
    clause, _ = self._add_q(q_object, can_reuse)
                ^^^^^^^^^^^^^^^^^^^^^^^^^^^^^^^^
  File "/home/reality/multi-tenant-sass/backend/venv/lib/python3.12/site-packages/django/db/models/sql/query.py", line 1708, in _add_q
    child_clause, needed_inner = self.build_filter(
                                 ^^^^^^^^^^^^^^^^^^
  File "/home/reality/multi-tenant-sass/backend/venv/lib/python3.12/site-packages/django/db/models/sql/query.py", line 1556, in build_filter
    lookups, parts, reffed_expression = self.solve_lookup_type(arg, summarize)
                                        ^^^^^^^^^^^^^^^^^^^^^^^^^^^^^^^^^^^^^^
  File "/home/reality/multi-tenant-sass/backend/venv/lib/python3.12/site-packages/django/db/models/sql/query.py", line 1363, in solve_lookup_type
    _, field, _, lookup_parts = self.names_to_path(lookup_splitted, self.get_meta())
                                ^^^^^^^^^^^^^^^^^^^^^^^^^^^^^^^^^^^^^^^^^^^^^^^^^^^^
  File "/home/reality/multi-tenant-sass/backend/venv/lib/python3.12/site-packages/django/db/models/sql/query.py", line 1842, in names_to_path
    raise FieldError(
django.core.exceptions.FieldError: Cannot resolve keyword 'user' into field. Choices are: id, member, member_id, project, project_id, role
GET /api/v1/workspaces/
GET /api/v1/users/me/
GET /api/v1/workspaces/1/role/
GET /api/v1/workspaces/1/project/89/
GET /api/v1/workspaces/
GET /api/v1/users/me/
Internal Server Error: /api/v1/workspaces/1/project/89/
Traceback (most recent call last):
  File "/home/reality/multi-tenant-sass/backend/venv/lib/python3.12/site-packages/asgiref/sync.py", line 557, in thread_handler
    raise exc_info[1]
  File "/home/reality/multi-tenant-sass/backend/venv/lib/python3.12/site-packages/django/core/handlers/exception.py", line 42, in inner
    response = await get_response(request)
               ^^^^^^^^^^^^^^^^^^^^^^^^^^^
  File "/home/reality/multi-tenant-sass/backend/venv/lib/python3.12/site-packages/asgiref/sync.py", line 557, in thread_handler
    raise exc_info[1]
  File "/home/reality/multi-tenant-sass/backend/venv/lib/python3.12/site-packages/django/core/handlers/base.py", line 254, in _get_response_async
    response = await wrapped_callback(
               ^^^^^^^^^^^^^^^^^^^^^^^
  File "/home/reality/multi-tenant-sass/backend/venv/lib/python3.12/site-packages/asgiref/sync.py", line 506, in __call__
    ret = await asyncio.shield(exec_coro)
          ^^^^^^^^^^^^^^^^^^^^^^^^^^^^^^^
  File "/home/reality/multi-tenant-sass/backend/venv/lib/python3.12/site-packages/asgiref/current_thread_executor.py", line 40, in run
    result = self.fn(*self.args, **self.kwargs)
             ^^^^^^^^^^^^^^^^^^^^^^^^^^^^^^^^^^
  File "/home/reality/multi-tenant-sass/backend/venv/lib/python3.12/site-packages/asgiref/sync.py", line 561, in thread_handler
    return func(*args, **kwargs)
           ^^^^^^^^^^^^^^^^^^^^^
  File "/home/reality/multi-tenant-sass/backend/venv/lib/python3.12/site-packages/django/views/decorators/csrf.py", line 65, in _view_wrapper
    return view_func(request, *args, **kwargs)
           ^^^^^^^^^^^^^^^^^^^^^^^^^^^^^^^^^^^
  File "/home/reality/multi-tenant-sass/backend/venv/lib/python3.12/site-packages/django/views/generic/base.py", line 106, in view
    return self.dispatch(request, *args, **kwargs)
           ^^^^^^^^^^^^^^^^^^^^^^^^^^^^^^^^^^^^^^^
  File "/home/reality/multi-tenant-sass/backend/venv/lib/python3.12/site-packages/rest_framework/views.py", line 515, in dispatch
    response = self.handle_exception(exc)
               ^^^^^^^^^^^^^^^^^^^^^^^^^^
  File "/home/reality/multi-tenant-sass/backend/venv/lib/python3.12/site-packages/rest_framework/views.py", line 475, in handle_exception
    self.raise_uncaught_exception(exc)
  File "/home/reality/multi-tenant-sass/backend/venv/lib/python3.12/site-packages/rest_framework/views.py", line 486, in raise_uncaught_exception
    raise exc
  File "/home/reality/multi-tenant-sass/backend/venv/lib/python3.12/site-packages/rest_framework/views.py", line 512, in dispatch
    response = handler(request, *args, **kwargs)
               ^^^^^^^^^^^^^^^^^^^^^^^^^^^^^^^^^
  File "/home/reality/multi-tenant-sass/backend/venv/lib/python3.12/site-packages/rest_framework/generics.py", line 286, in get
    return self.retrieve(request, *args, **kwargs)
           ^^^^^^^^^^^^^^^^^^^^^^^^^^^^^^^^^^^^^^^
  File "/home/reality/multi-tenant-sass/backend/venv/lib/python3.12/site-packages/rest_framework/mixins.py", line 56, in retrieve
    return Response(serializer.data)
                    ^^^^^^^^^^^^^^^
  File "/home/reality/multi-tenant-sass/backend/venv/lib/python3.12/site-packages/rest_framework/serializers.py", line 585, in data
    ret = super().data
          ^^^^^^^^^^^^
  File "/home/reality/multi-tenant-sass/backend/venv/lib/python3.12/site-packages/rest_framework/serializers.py", line 251, in data
    self._data = self.to_representation(self.instance)
                 ^^^^^^^^^^^^^^^^^^^^^^^^^^^^^^^^^^^^^
  File "/home/reality/multi-tenant-sass/backend/venv/lib/python3.12/site-packages/rest_framework/serializers.py", line 552, in to_representation
    ret[field.field_name] = field.to_representation(attribute)
                            ^^^^^^^^^^^^^^^^^^^^^^^^^^^^^^^^^^
  File "/home/reality/multi-tenant-sass/backend/venv/lib/python3.12/site-packages/rest_framework/fields.py", line 1929, in to_representation
    return method(value)
           ^^^^^^^^^^^^^
  File "/home/reality/multi-tenant-sass/backend/workspace/api/serializers.py", line 166, in get_project_members
  File "/home/reality/multi-tenant-sass/backend/venv/lib/python3.12/site-packages/django/db/models/query.py", line 1550, in exclude
    return self._filter_or_exclude(True, args, kwargs)
           ^^^^^^^^^^^^^^^^^^^^^^^^^^^^^^^^^^^^^^^^^^^
  File "/home/reality/multi-tenant-sass/backend/venv/lib/python3.12/site-packages/django/db/models/query.py", line 1560, in _filter_or_exclude
    clone._filter_or_exclude_inplace(negate, args, kwargs)
  File "/home/reality/multi-tenant-sass/backend/venv/lib/python3.12/site-packages/django/db/models/query.py", line 1568, in _filter_or_exclude_inplace
    self._query.add_q(~Q(*args, **kwargs))
  File "/home/reality/multi-tenant-sass/backend/venv/lib/python3.12/site-packages/django/db/models/sql/query.py", line 1676, in add_q
    clause, _ = self._add_q(q_object, can_reuse)
                ^^^^^^^^^^^^^^^^^^^^^^^^^^^^^^^^
  File "/home/reality/multi-tenant-sass/backend/venv/lib/python3.12/site-packages/django/db/models/sql/query.py", line 1708, in _add_q
    child_clause, needed_inner = self.build_filter(
                                 ^^^^^^^^^^^^^^^^^^
  File "/home/reality/multi-tenant-sass/backend/venv/lib/python3.12/site-packages/django/db/models/sql/query.py", line 1556, in build_filter
    lookups, parts, reffed_expression = self.solve_lookup_type(arg, summarize)
                                        ^^^^^^^^^^^^^^^^^^^^^^^^^^^^^^^^^^^^^^
  File "/home/reality/multi-tenant-sass/backend/venv/lib/python3.12/site-packages/django/db/models/sql/query.py", line 1363, in solve_lookup_type
    _, field, _, lookup_parts = self.names_to_path(lookup_splitted, self.get_meta())
                                ^^^^^^^^^^^^^^^^^^^^^^^^^^^^^^^^^^^^^^^^^^^^^^^^^^^^
  File "/home/reality/multi-tenant-sass/backend/venv/lib/python3.12/site-packages/django/db/models/sql/query.py", line 1842, in names_to_path
    raise FieldError(
django.core.exceptions.FieldError: Cannot resolve keyword 'user' into field. Choices are: id, member, member_id, project, project_id, role
GET /api/v1/workspaces/1/project/89/
Internal Server Error: /api/v1/workspaces/1/project/89/
Traceback (most recent call last):
  File "/home/reality/multi-tenant-sass/backend/venv/lib/python3.12/site-packages/asgiref/sync.py", line 557, in thread_handler
    raise exc_info[1]
  File "/home/reality/multi-tenant-sass/backend/venv/lib/python3.12/site-packages/django/core/handlers/exception.py", line 42, in inner
    response = await get_response(request)
               ^^^^^^^^^^^^^^^^^^^^^^^^^^^
  File "/home/reality/multi-tenant-sass/backend/venv/lib/python3.12/site-packages/asgiref/sync.py", line 557, in thread_handler
    raise exc_info[1]
  File "/home/reality/multi-tenant-sass/backend/venv/lib/python3.12/site-packages/django/core/handlers/base.py", line 254, in _get_response_async
    response = await wrapped_callback(
               ^^^^^^^^^^^^^^^^^^^^^^^
  File "/home/reality/multi-tenant-sass/backend/venv/lib/python3.12/site-packages/asgiref/sync.py", line 506, in __call__
    ret = await asyncio.shield(exec_coro)
          ^^^^^^^^^^^^^^^^^^^^^^^^^^^^^^^
  File "/home/reality/multi-tenant-sass/backend/venv/lib/python3.12/site-packages/asgiref/current_thread_executor.py", line 40, in run
    result = self.fn(*self.args, **self.kwargs)
             ^^^^^^^^^^^^^^^^^^^^^^^^^^^^^^^^^^
  File "/home/reality/multi-tenant-sass/backend/venv/lib/python3.12/site-packages/asgiref/sync.py", line 561, in thread_handler
    return func(*args, **kwargs)
           ^^^^^^^^^^^^^^^^^^^^^
  File "/home/reality/multi-tenant-sass/backend/venv/lib/python3.12/site-packages/django/views/decorators/csrf.py", line 65, in _view_wrapper
    return view_func(request, *args, **kwargs)
           ^^^^^^^^^^^^^^^^^^^^^^^^^^^^^^^^^^^
  File "/home/reality/multi-tenant-sass/backend/venv/lib/python3.12/site-packages/django/views/generic/base.py", line 106, in view
    return self.dispatch(request, *args, **kwargs)
           ^^^^^^^^^^^^^^^^^^^^^^^^^^^^^^^^^^^^^^^
  File "/home/reality/multi-tenant-sass/backend/venv/lib/python3.12/site-packages/rest_framework/views.py", line 515, in dispatch
    response = self.handle_exception(exc)
               ^^^^^^^^^^^^^^^^^^^^^^^^^^
  File "/home/reality/multi-tenant-sass/backend/venv/lib/python3.12/site-packages/rest_framework/views.py", line 475, in handle_exception
    self.raise_uncaught_exception(exc)
  File "/home/reality/multi-tenant-sass/backend/venv/lib/python3.12/site-packages/rest_framework/views.py", line 486, in raise_uncaught_exception
    raise exc
  File "/home/reality/multi-tenant-sass/backend/venv/lib/python3.12/site-packages/rest_framework/views.py", line 512, in dispatch
    response = handler(request, *args, **kwargs)
               ^^^^^^^^^^^^^^^^^^^^^^^^^^^^^^^^^
  File "/home/reality/multi-tenant-sass/backend/venv/lib/python3.12/site-packages/rest_framework/generics.py", line 286, in get
    return self.retrieve(request, *args, **kwargs)
           ^^^^^^^^^^^^^^^^^^^^^^^^^^^^^^^^^^^^^^^
  File "/home/reality/multi-tenant-sass/backend/venv/lib/python3.12/site-packages/rest_framework/mixins.py", line 56, in retrieve
    return Response(serializer.data)
                    ^^^^^^^^^^^^^^^
  File "/home/reality/multi-tenant-sass/backend/venv/lib/python3.12/site-packages/rest_framework/serializers.py", line 585, in data
    ret = super().data
          ^^^^^^^^^^^^
  File "/home/reality/multi-tenant-sass/backend/venv/lib/python3.12/site-packages/rest_framework/serializers.py", line 251, in data
    self._data = self.to_representation(self.instance)
                 ^^^^^^^^^^^^^^^^^^^^^^^^^^^^^^^^^^^^^
  File "/home/reality/multi-tenant-sass/backend/venv/lib/python3.12/site-packages/rest_framework/serializers.py", line 552, in to_representation
    ret[field.field_name] = field.to_representation(attribute)
                            ^^^^^^^^^^^^^^^^^^^^^^^^^^^^^^^^^^
  File "/home/reality/multi-tenant-sass/backend/venv/lib/python3.12/site-packages/rest_framework/fields.py", line 1929, in to_representation
    return method(value)
           ^^^^^^^^^^^^^
  File "/home/reality/multi-tenant-sass/backend/workspace/api/serializers.py", line 166, in get_project_members
  File "/home/reality/multi-tenant-sass/backend/venv/lib/python3.12/site-packages/django/db/models/query.py", line 1550, in exclude
    return self._filter_or_exclude(True, args, kwargs)
           ^^^^^^^^^^^^^^^^^^^^^^^^^^^^^^^^^^^^^^^^^^^
  File "/home/reality/multi-tenant-sass/backend/venv/lib/python3.12/site-packages/django/db/models/query.py", line 1560, in _filter_or_exclude
    clone._filter_or_exclude_inplace(negate, args, kwargs)
  File "/home/reality/multi-tenant-sass/backend/venv/lib/python3.12/site-packages/django/db/models/query.py", line 1568, in _filter_or_exclude_inplace
    self._query.add_q(~Q(*args, **kwargs))
  File "/home/reality/multi-tenant-sass/backend/venv/lib/python3.12/site-packages/django/db/models/sql/query.py", line 1676, in add_q
    clause, _ = self._add_q(q_object, can_reuse)
                ^^^^^^^^^^^^^^^^^^^^^^^^^^^^^^^^
  File "/home/reality/multi-tenant-sass/backend/venv/lib/python3.12/site-packages/django/db/models/sql/query.py", line 1708, in _add_q
    child_clause, needed_inner = self.build_filter(
                                 ^^^^^^^^^^^^^^^^^^
  File "/home/reality/multi-tenant-sass/backend/venv/lib/python3.12/site-packages/django/db/models/sql/query.py", line 1556, in build_filter
    lookups, parts, reffed_expression = self.solve_lookup_type(arg, summarize)
                                        ^^^^^^^^^^^^^^^^^^^^^^^^^^^^^^^^^^^^^^
  File "/home/reality/multi-tenant-sass/backend/venv/lib/python3.12/site-packages/django/db/models/sql/query.py", line 1363, in solve_lookup_type
    _, field, _, lookup_parts = self.names_to_path(lookup_splitted, self.get_meta())
                                ^^^^^^^^^^^^^^^^^^^^^^^^^^^^^^^^^^^^^^^^^^^^^^^^^^^^
  File "/home/reality/multi-tenant-sass/backend/venv/lib/python3.12/site-packages/django/db/models/sql/query.py", line 1842, in names_to_path
    raise FieldError(
django.core.exceptions.FieldError: Cannot resolve keyword 'user' into field. Choices are: id, member, member_id, project, project_id, role
GET /api/v1/workspaces/1/project/89/
Internal Server Error: /api/v1/workspaces/1/project/89/
Traceback (most recent call last):
  File "/home/reality/multi-tenant-sass/backend/venv/lib/python3.12/site-packages/asgiref/sync.py", line 557, in thread_handler
    raise exc_info[1]
  File "/home/reality/multi-tenant-sass/backend/venv/lib/python3.12/site-packages/django/core/handlers/exception.py", line 42, in inner
    response = await get_response(request)
               ^^^^^^^^^^^^^^^^^^^^^^^^^^^
  File "/home/reality/multi-tenant-sass/backend/venv/lib/python3.12/site-packages/asgiref/sync.py", line 557, in thread_handler
    raise exc_info[1]
  File "/home/reality/multi-tenant-sass/backend/venv/lib/python3.12/site-packages/django/core/handlers/base.py", line 254, in _get_response_async
    response = await wrapped_callback(
               ^^^^^^^^^^^^^^^^^^^^^^^
  File "/home/reality/multi-tenant-sass/backend/venv/lib/python3.12/site-packages/asgiref/sync.py", line 506, in __call__
    ret = await asyncio.shield(exec_coro)
          ^^^^^^^^^^^^^^^^^^^^^^^^^^^^^^^
  File "/home/reality/multi-tenant-sass/backend/venv/lib/python3.12/site-packages/asgiref/current_thread_executor.py", line 40, in run
    result = self.fn(*self.args, **self.kwargs)
             ^^^^^^^^^^^^^^^^^^^^^^^^^^^^^^^^^^
  File "/home/reality/multi-tenant-sass/backend/venv/lib/python3.12/site-packages/asgiref/sync.py", line 561, in thread_handler
    return func(*args, **kwargs)
           ^^^^^^^^^^^^^^^^^^^^^
  File "/home/reality/multi-tenant-sass/backend/venv/lib/python3.12/site-packages/django/views/decorators/csrf.py", line 65, in _view_wrapper
    return view_func(request, *args, **kwargs)
           ^^^^^^^^^^^^^^^^^^^^^^^^^^^^^^^^^^^
  File "/home/reality/multi-tenant-sass/backend/venv/lib/python3.12/site-packages/django/views/generic/base.py", line 106, in view
    return self.dispatch(request, *args, **kwargs)
           ^^^^^^^^^^^^^^^^^^^^^^^^^^^^^^^^^^^^^^^
  File "/home/reality/multi-tenant-sass/backend/venv/lib/python3.12/site-packages/rest_framework/views.py", line 515, in dispatch
    response = self.handle_exception(exc)
               ^^^^^^^^^^^^^^^^^^^^^^^^^^
  File "/home/reality/multi-tenant-sass/backend/venv/lib/python3.12/site-packages/rest_framework/views.py", line 475, in handle_exception
    self.raise_uncaught_exception(exc)
  File "/home/reality/multi-tenant-sass/backend/venv/lib/python3.12/site-packages/rest_framework/views.py", line 486, in raise_uncaught_exception
    raise exc
  File "/home/reality/multi-tenant-sass/backend/venv/lib/python3.12/site-packages/rest_framework/views.py", line 512, in dispatch
    response = handler(request, *args, **kwargs)
               ^^^^^^^^^^^^^^^^^^^^^^^^^^^^^^^^^
  File "/home/reality/multi-tenant-sass/backend/venv/lib/python3.12/site-packages/rest_framework/generics.py", line 286, in get
    return self.retrieve(request, *args, **kwargs)
           ^^^^^^^^^^^^^^^^^^^^^^^^^^^^^^^^^^^^^^^
  File "/home/reality/multi-tenant-sass/backend/venv/lib/python3.12/site-packages/rest_framework/mixins.py", line 56, in retrieve
    return Response(serializer.data)
                    ^^^^^^^^^^^^^^^
  File "/home/reality/multi-tenant-sass/backend/venv/lib/python3.12/site-packages/rest_framework/serializers.py", line 585, in data
    ret = super().data
          ^^^^^^^^^^^^
  File "/home/reality/multi-tenant-sass/backend/venv/lib/python3.12/site-packages/rest_framework/serializers.py", line 251, in data
    self._data = self.to_representation(self.instance)
                 ^^^^^^^^^^^^^^^^^^^^^^^^^^^^^^^^^^^^^
  File "/home/reality/multi-tenant-sass/backend/venv/lib/python3.12/site-packages/rest_framework/serializers.py", line 552, in to_representation
    ret[field.field_name] = field.to_representation(attribute)
                            ^^^^^^^^^^^^^^^^^^^^^^^^^^^^^^^^^^
  File "/home/reality/multi-tenant-sass/backend/venv/lib/python3.12/site-packages/rest_framework/fields.py", line 1929, in to_representation
    return method(value)
           ^^^^^^^^^^^^^
  File "/home/reality/multi-tenant-sass/backend/workspace/api/serializers.py", line 166, in get_project_members
  File "/home/reality/multi-tenant-sass/backend/venv/lib/python3.12/site-packages/django/db/models/query.py", line 1550, in exclude
    return self._filter_or_exclude(True, args, kwargs)
           ^^^^^^^^^^^^^^^^^^^^^^^^^^^^^^^^^^^^^^^^^^^
  File "/home/reality/multi-tenant-sass/backend/venv/lib/python3.12/site-packages/django/db/models/query.py", line 1560, in _filter_or_exclude
    clone._filter_or_exclude_inplace(negate, args, kwargs)
  File "/home/reality/multi-tenant-sass/backend/venv/lib/python3.12/site-packages/django/db/models/query.py", line 1568, in _filter_or_exclude_inplace
    self._query.add_q(~Q(*args, **kwargs))
  File "/home/reality/multi-tenant-sass/backend/venv/lib/python3.12/site-packages/django/db/models/sql/query.py", line 1676, in add_q
    clause, _ = self._add_q(q_object, can_reuse)
                ^^^^^^^^^^^^^^^^^^^^^^^^^^^^^^^^
  File "/home/reality/multi-tenant-sass/backend/venv/lib/python3.12/site-packages/django/db/models/sql/query.py", line 1708, in _add_q
    child_clause, needed_inner = self.build_filter(
                                 ^^^^^^^^^^^^^^^^^^
  File "/home/reality/multi-tenant-sass/backend/venv/lib/python3.12/site-packages/django/db/models/sql/query.py", line 1556, in build_filter
    lookups, parts, reffed_expression = self.solve_lookup_type(arg, summarize)
                                        ^^^^^^^^^^^^^^^^^^^^^^^^^^^^^^^^^^^^^^
  File "/home/reality/multi-tenant-sass/backend/venv/lib/python3.12/site-packages/django/db/models/sql/query.py", line 1363, in solve_lookup_type
    _, field, _, lookup_parts = self.names_to_path(lookup_splitted, self.get_meta())
                                ^^^^^^^^^^^^^^^^^^^^^^^^^^^^^^^^^^^^^^^^^^^^^^^^^^^^
  File "/home/reality/multi-tenant-sass/backend/venv/lib/python3.12/site-packages/django/db/models/sql/query.py", line 1842, in names_to_path
    raise FieldError(
django.core.exceptions.FieldError: Cannot resolve keyword 'user' into field. Choices are: id, member, member_id, project, project_id, role
GET /api/v1/workspaces/1/project/89/
Internal Server Error: /api/v1/workspaces/1/project/89/
Traceback (most recent call last):
  File "/home/reality/multi-tenant-sass/backend/venv/lib/python3.12/site-packages/asgiref/sync.py", line 557, in thread_handler
    raise exc_info[1]
  File "/home/reality/multi-tenant-sass/backend/venv/lib/python3.12/site-packages/django/core/handlers/exception.py", line 42, in inner
    response = await get_response(request)
               ^^^^^^^^^^^^^^^^^^^^^^^^^^^
  File "/home/reality/multi-tenant-sass/backend/venv/lib/python3.12/site-packages/asgiref/sync.py", line 557, in thread_handler
    raise exc_info[1]
  File "/home/reality/multi-tenant-sass/backend/venv/lib/python3.12/site-packages/django/core/handlers/base.py", line 254, in _get_response_async
    response = await wrapped_callback(
               ^^^^^^^^^^^^^^^^^^^^^^^
  File "/home/reality/multi-tenant-sass/backend/venv/lib/python3.12/site-packages/asgiref/sync.py", line 506, in __call__
    ret = await asyncio.shield(exec_coro)
          ^^^^^^^^^^^^^^^^^^^^^^^^^^^^^^^
  File "/home/reality/multi-tenant-sass/backend/venv/lib/python3.12/site-packages/asgiref/current_thread_executor.py", line 40, in run
    result = self.fn(*self.args, **self.kwargs)
             ^^^^^^^^^^^^^^^^^^^^^^^^^^^^^^^^^^
  File "/home/reality/multi-tenant-sass/backend/venv/lib/python3.12/site-packages/asgiref/sync.py", line 561, in thread_handler
    return func(*args, **kwargs)
           ^^^^^^^^^^^^^^^^^^^^^
  File "/home/reality/multi-tenant-sass/backend/venv/lib/python3.12/site-packages/django/views/decorators/csrf.py", line 65, in _view_wrapper
    return view_func(request, *args, **kwargs)
           ^^^^^^^^^^^^^^^^^^^^^^^^^^^^^^^^^^^
  File "/home/reality/multi-tenant-sass/backend/venv/lib/python3.12/site-packages/django/views/generic/base.py", line 106, in view
    return self.dispatch(request, *args, **kwargs)
           ^^^^^^^^^^^^^^^^^^^^^^^^^^^^^^^^^^^^^^^
  File "/home/reality/multi-tenant-sass/backend/venv/lib/python3.12/site-packages/rest_framework/views.py", line 515, in dispatch
    response = self.handle_exception(exc)
               ^^^^^^^^^^^^^^^^^^^^^^^^^^
  File "/home/reality/multi-tenant-sass/backend/venv/lib/python3.12/site-packages/rest_framework/views.py", line 475, in handle_exception
    self.raise_uncaught_exception(exc)
  File "/home/reality/multi-tenant-sass/backend/venv/lib/python3.12/site-packages/rest_framework/views.py", line 486, in raise_uncaught_exception
    raise exc
  File "/home/reality/multi-tenant-sass/backend/venv/lib/python3.12/site-packages/rest_framework/views.py", line 512, in dispatch
    response = handler(request, *args, **kwargs)
               ^^^^^^^^^^^^^^^^^^^^^^^^^^^^^^^^^
  File "/home/reality/multi-tenant-sass/backend/venv/lib/python3.12/site-packages/rest_framework/generics.py", line 286, in get
    return self.retrieve(request, *args, **kwargs)
           ^^^^^^^^^^^^^^^^^^^^^^^^^^^^^^^^^^^^^^^
  File "/home/reality/multi-tenant-sass/backend/venv/lib/python3.12/site-packages/rest_framework/mixins.py", line 56, in retrieve
    return Response(serializer.data)
                    ^^^^^^^^^^^^^^^
  File "/home/reality/multi-tenant-sass/backend/venv/lib/python3.12/site-packages/rest_framework/serializers.py", line 585, in data
    ret = super().data
          ^^^^^^^^^^^^
  File "/home/reality/multi-tenant-sass/backend/venv/lib/python3.12/site-packages/rest_framework/serializers.py", line 251, in data
    self._data = self.to_representation(self.instance)
                 ^^^^^^^^^^^^^^^^^^^^^^^^^^^^^^^^^^^^^
  File "/home/reality/multi-tenant-sass/backend/venv/lib/python3.12/site-packages/rest_framework/serializers.py", line 552, in to_representation
    ret[field.field_name] = field.to_representation(attribute)
                            ^^^^^^^^^^^^^^^^^^^^^^^^^^^^^^^^^^
  File "/home/reality/multi-tenant-sass/backend/venv/lib/python3.12/site-packages/rest_framework/fields.py", line 1929, in to_representation
    return method(value)
           ^^^^^^^^^^^^^
  File "/home/reality/multi-tenant-sass/backend/workspace/api/serializers.py", line 166, in get_project_members
  File "/home/reality/multi-tenant-sass/backend/venv/lib/python3.12/site-packages/django/db/models/query.py", line 1550, in exclude
    return self._filter_or_exclude(True, args, kwargs)
           ^^^^^^^^^^^^^^^^^^^^^^^^^^^^^^^^^^^^^^^^^^^
  File "/home/reality/multi-tenant-sass/backend/venv/lib/python3.12/site-packages/django/db/models/query.py", line 1560, in _filter_or_exclude
    clone._filter_or_exclude_inplace(negate, args, kwargs)
  File "/home/reality/multi-tenant-sass/backend/venv/lib/python3.12/site-packages/django/db/models/query.py", line 1568, in _filter_or_exclude_inplace
    self._query.add_q(~Q(*args, **kwargs))
  File "/home/reality/multi-tenant-sass/backend/venv/lib/python3.12/site-packages/django/db/models/sql/query.py", line 1676, in add_q
    clause, _ = self._add_q(q_object, can_reuse)
                ^^^^^^^^^^^^^^^^^^^^^^^^^^^^^^^^
  File "/home/reality/multi-tenant-sass/backend/venv/lib/python3.12/site-packages/django/db/models/sql/query.py", line 1708, in _add_q
    child_clause, needed_inner = self.build_filter(
                                 ^^^^^^^^^^^^^^^^^^
  File "/home/reality/multi-tenant-sass/backend/venv/lib/python3.12/site-packages/django/db/models/sql/query.py", line 1556, in build_filter
    lookups, parts, reffed_expression = self.solve_lookup_type(arg, summarize)
                                        ^^^^^^^^^^^^^^^^^^^^^^^^^^^^^^^^^^^^^^
  File "/home/reality/multi-tenant-sass/backend/venv/lib/python3.12/site-packages/django/db/models/sql/query.py", line 1363, in solve_lookup_type
    _, field, _, lookup_parts = self.names_to_path(lookup_splitted, self.get_meta())
                                ^^^^^^^^^^^^^^^^^^^^^^^^^^^^^^^^^^^^^^^^^^^^^^^^^^^^
  File "/home/reality/multi-tenant-sass/backend/venv/lib/python3.12/site-packages/django/db/models/sql/query.py", line 1842, in names_to_path
    raise FieldError(
django.core.exceptions.FieldError: Cannot resolve keyword 'user' into field. Choices are: id, member, member_id, project, project_id, role
GET /api/v1/workspaces/1/project/89/
GET /api/v1/workspaces/
GET /api/v1/workspaces/1/role/
GET /api/v1/users/me/
Internal Server Error: /api/v1/workspaces/1/project/89/
Traceback (most recent call last):
  File "/home/reality/multi-tenant-sass/backend/venv/lib/python3.12/site-packages/asgiref/sync.py", line 557, in thread_handler
    raise exc_info[1]
  File "/home/reality/multi-tenant-sass/backend/venv/lib/python3.12/site-packages/django/core/handlers/exception.py", line 42, in inner
    response = await get_response(request)
               ^^^^^^^^^^^^^^^^^^^^^^^^^^^
  File "/home/reality/multi-tenant-sass/backend/venv/lib/python3.12/site-packages/asgiref/sync.py", line 557, in thread_handler
    raise exc_info[1]
  File "/home/reality/multi-tenant-sass/backend/venv/lib/python3.12/site-packages/django/core/handlers/base.py", line 254, in _get_response_async
    response = await wrapped_callback(
               ^^^^^^^^^^^^^^^^^^^^^^^
  File "/home/reality/multi-tenant-sass/backend/venv/lib/python3.12/site-packages/asgiref/sync.py", line 506, in __call__
    ret = await asyncio.shield(exec_coro)
          ^^^^^^^^^^^^^^^^^^^^^^^^^^^^^^^
  File "/home/reality/multi-tenant-sass/backend/venv/lib/python3.12/site-packages/asgiref/current_thread_executor.py", line 40, in run
    result = self.fn(*self.args, **self.kwargs)
             ^^^^^^^^^^^^^^^^^^^^^^^^^^^^^^^^^^
  File "/home/reality/multi-tenant-sass/backend/venv/lib/python3.12/site-packages/asgiref/sync.py", line 561, in thread_handler
    return func(*args, **kwargs)
           ^^^^^^^^^^^^^^^^^^^^^
  File "/home/reality/multi-tenant-sass/backend/venv/lib/python3.12/site-packages/django/views/decorators/csrf.py", line 65, in _view_wrapper
    return view_func(request, *args, **kwargs)
           ^^^^^^^^^^^^^^^^^^^^^^^^^^^^^^^^^^^
  File "/home/reality/multi-tenant-sass/backend/venv/lib/python3.12/site-packages/django/views/generic/base.py", line 106, in view
    return self.dispatch(request, *args, **kwargs)
           ^^^^^^^^^^^^^^^^^^^^^^^^^^^^^^^^^^^^^^^
  File "/home/reality/multi-tenant-sass/backend/venv/lib/python3.12/site-packages/rest_framework/views.py", line 515, in dispatch
    response = self.handle_exception(exc)
               ^^^^^^^^^^^^^^^^^^^^^^^^^^
  File "/home/reality/multi-tenant-sass/backend/venv/lib/python3.12/site-packages/rest_framework/views.py", line 475, in handle_exception
    self.raise_uncaught_exception(exc)
  File "/home/reality/multi-tenant-sass/backend/venv/lib/python3.12/site-packages/rest_framework/views.py", line 486, in raise_uncaught_exception
    raise exc
  File "/home/reality/multi-tenant-sass/backend/venv/lib/python3.12/site-packages/rest_framework/views.py", line 512, in dispatch
    response = handler(request, *args, **kwargs)
               ^^^^^^^^^^^^^^^^^^^^^^^^^^^^^^^^^
  File "/home/reality/multi-tenant-sass/backend/venv/lib/python3.12/site-packages/rest_framework/generics.py", line 286, in get
    return self.retrieve(request, *args, **kwargs)
           ^^^^^^^^^^^^^^^^^^^^^^^^^^^^^^^^^^^^^^^
  File "/home/reality/multi-tenant-sass/backend/venv/lib/python3.12/site-packages/rest_framework/mixins.py", line 56, in retrieve
    return Response(serializer.data)
                    ^^^^^^^^^^^^^^^
  File "/home/reality/multi-tenant-sass/backend/venv/lib/python3.12/site-packages/rest_framework/serializers.py", line 585, in data
    ret = super().data
          ^^^^^^^^^^^^
  File "/home/reality/multi-tenant-sass/backend/venv/lib/python3.12/site-packages/rest_framework/serializers.py", line 251, in data
    self._data = self.to_representation(self.instance)
                 ^^^^^^^^^^^^^^^^^^^^^^^^^^^^^^^^^^^^^
  File "/home/reality/multi-tenant-sass/backend/venv/lib/python3.12/site-packages/rest_framework/serializers.py", line 552, in to_representation
    ret[field.field_name] = field.to_representation(attribute)
                            ^^^^^^^^^^^^^^^^^^^^^^^^^^^^^^^^^^
  File "/home/reality/multi-tenant-sass/backend/venv/lib/python3.12/site-packages/rest_framework/fields.py", line 1929, in to_representation
    return method(value)
           ^^^^^^^^^^^^^
  File "/home/reality/multi-tenant-sass/backend/workspace/api/serializers.py", line 166, in get_project_members
  File "/home/reality/multi-tenant-sass/backend/venv/lib/python3.12/site-packages/django/db/models/query.py", line 1550, in exclude
    return self._filter_or_exclude(True, args, kwargs)
           ^^^^^^^^^^^^^^^^^^^^^^^^^^^^^^^^^^^^^^^^^^^
  File "/home/reality/multi-tenant-sass/backend/venv/lib/python3.12/site-packages/django/db/models/query.py", line 1560, in _filter_or_exclude
    clone._filter_or_exclude_inplace(negate, args, kwargs)
  File "/home/reality/multi-tenant-sass/backend/venv/lib/python3.12/site-packages/django/db/models/query.py", line 1568, in _filter_or_exclude_inplace
    self._query.add_q(~Q(*args, **kwargs))
  File "/home/reality/multi-tenant-sass/backend/venv/lib/python3.12/site-packages/django/db/models/sql/query.py", line 1676, in add_q
    clause, _ = self._add_q(q_object, can_reuse)
                ^^^^^^^^^^^^^^^^^^^^^^^^^^^^^^^^
  File "/home/reality/multi-tenant-sass/backend/venv/lib/python3.12/site-packages/django/db/models/sql/query.py", line 1708, in _add_q
    child_clause, needed_inner = self.build_filter(
                                 ^^^^^^^^^^^^^^^^^^
  File "/home/reality/multi-tenant-sass/backend/venv/lib/python3.12/site-packages/django/db/models/sql/query.py", line 1556, in build_filter
    lookups, parts, reffed_expression = self.solve_lookup_type(arg, summarize)
                                        ^^^^^^^^^^^^^^^^^^^^^^^^^^^^^^^^^^^^^^
  File "/home/reality/multi-tenant-sass/backend/venv/lib/python3.12/site-packages/django/db/models/sql/query.py", line 1363, in solve_lookup_type
    _, field, _, lookup_parts = self.names_to_path(lookup_splitted, self.get_meta())
                                ^^^^^^^^^^^^^^^^^^^^^^^^^^^^^^^^^^^^^^^^^^^^^^^^^^^^
  File "/home/reality/multi-tenant-sass/backend/venv/lib/python3.12/site-packages/django/db/models/sql/query.py", line 1842, in names_to_path
    raise FieldError(
django.core.exceptions.FieldError: Cannot resolve keyword 'user' into field. Choices are: id, member, member_id, project, project_id, role
Killed 0 pending application instances
Starting server at tcp:port=8000:interface=0.0.0.0
HTTP/2 support not enabled (install the http2 and tls Twisted extras)
Configuring endpoint tcp:port=8000:interface=0.0.0.0
Listening on TCP address 0.0.0.0:8000
GET /api/v1/workspaces/
GET /api/v1/workspaces/1/role/
GET /api/v1/users/me/
GET /api/v1/workspaces/1/project/89/
Internal Server Error: /api/v1/workspaces/1/project/89/
Traceback (most recent call last):
  File "/home/reality/multi-tenant-sass/backend/venv/lib/python3.12/site-packages/asgiref/sync.py", line 557, in thread_handler
    raise exc_info[1]
  File "/home/reality/multi-tenant-sass/backend/venv/lib/python3.12/site-packages/django/core/handlers/exception.py", line 42, in inner
    response = await get_response(request)
               ^^^^^^^^^^^^^^^^^^^^^^^^^^^
  File "/home/reality/multi-tenant-sass/backend/venv/lib/python3.12/site-packages/asgiref/sync.py", line 557, in thread_handler
    raise exc_info[1]
  File "/home/reality/multi-tenant-sass/backend/venv/lib/python3.12/site-packages/django/core/handlers/base.py", line 254, in _get_response_async
    response = await wrapped_callback(
               ^^^^^^^^^^^^^^^^^^^^^^^
  File "/home/reality/multi-tenant-sass/backend/venv/lib/python3.12/site-packages/asgiref/sync.py", line 506, in __call__
    ret = await asyncio.shield(exec_coro)
          ^^^^^^^^^^^^^^^^^^^^^^^^^^^^^^^
  File "/home/reality/multi-tenant-sass/backend/venv/lib/python3.12/site-packages/asgiref/current_thread_executor.py", line 40, in run
    result = self.fn(*self.args, **self.kwargs)
             ^^^^^^^^^^^^^^^^^^^^^^^^^^^^^^^^^^
  File "/home/reality/multi-tenant-sass/backend/venv/lib/python3.12/site-packages/asgiref/sync.py", line 561, in thread_handler
    return func(*args, **kwargs)
           ^^^^^^^^^^^^^^^^^^^^^
  File "/home/reality/multi-tenant-sass/backend/venv/lib/python3.12/site-packages/django/views/decorators/csrf.py", line 65, in _view_wrapper
    return view_func(request, *args, **kwargs)
           ^^^^^^^^^^^^^^^^^^^^^^^^^^^^^^^^^^^
  File "/home/reality/multi-tenant-sass/backend/venv/lib/python3.12/site-packages/django/views/generic/base.py", line 106, in view
    return self.dispatch(request, *args, **kwargs)
           ^^^^^^^^^^^^^^^^^^^^^^^^^^^^^^^^^^^^^^^
  File "/home/reality/multi-tenant-sass/backend/venv/lib/python3.12/site-packages/rest_framework/views.py", line 515, in dispatch
    response = self.handle_exception(exc)
               ^^^^^^^^^^^^^^^^^^^^^^^^^^
  File "/home/reality/multi-tenant-sass/backend/venv/lib/python3.12/site-packages/rest_framework/views.py", line 475, in handle_exception
    self.raise_uncaught_exception(exc)
  File "/home/reality/multi-tenant-sass/backend/venv/lib/python3.12/site-packages/rest_framework/views.py", line 486, in raise_uncaught_exception
    raise exc
  File "/home/reality/multi-tenant-sass/backend/venv/lib/python3.12/site-packages/rest_framework/views.py", line 512, in dispatch
    response = handler(request, *args, **kwargs)
               ^^^^^^^^^^^^^^^^^^^^^^^^^^^^^^^^^
  File "/home/reality/multi-tenant-sass/backend/venv/lib/python3.12/site-packages/rest_framework/generics.py", line 286, in get
    return self.retrieve(request, *args, **kwargs)
           ^^^^^^^^^^^^^^^^^^^^^^^^^^^^^^^^^^^^^^^
  File "/home/reality/multi-tenant-sass/backend/venv/lib/python3.12/site-packages/rest_framework/mixins.py", line 56, in retrieve
    return Response(serializer.data)
                    ^^^^^^^^^^^^^^^
  File "/home/reality/multi-tenant-sass/backend/venv/lib/python3.12/site-packages/rest_framework/serializers.py", line 585, in data
    ret = super().data
          ^^^^^^^^^^^^
  File "/home/reality/multi-tenant-sass/backend/venv/lib/python3.12/site-packages/rest_framework/serializers.py", line 251, in data
    self._data = self.to_representation(self.instance)
                 ^^^^^^^^^^^^^^^^^^^^^^^^^^^^^^^^^^^^^
  File "/home/reality/multi-tenant-sass/backend/venv/lib/python3.12/site-packages/rest_framework/serializers.py", line 552, in to_representation
    ret[field.field_name] = field.to_representation(attribute)
                            ^^^^^^^^^^^^^^^^^^^^^^^^^^^^^^^^^^
  File "/home/reality/multi-tenant-sass/backend/venv/lib/python3.12/site-packages/rest_framework/fields.py", line 1929, in to_representation
    return method(value)
           ^^^^^^^^^^^^^
  File "/home/reality/multi-tenant-sass/backend/workspace/api/serializers.py", line 166, in get_project_members
    members=members.exclude(user=current_user)
            ^^^^^^^^^^^^^^^^^^^^^^^^^^^^^^^^^^
  File "/home/reality/multi-tenant-sass/backend/venv/lib/python3.12/site-packages/django/db/models/query.py", line 1550, in exclude
    return self._filter_or_exclude(True, args, kwargs)
           ^^^^^^^^^^^^^^^^^^^^^^^^^^^^^^^^^^^^^^^^^^^
  File "/home/reality/multi-tenant-sass/backend/venv/lib/python3.12/site-packages/django/db/models/query.py", line 1560, in _filter_or_exclude
    clone._filter_or_exclude_inplace(negate, args, kwargs)
  File "/home/reality/multi-tenant-sass/backend/venv/lib/python3.12/site-packages/django/db/models/query.py", line 1568, in _filter_or_exclude_inplace
    self._query.add_q(~Q(*args, **kwargs))
  File "/home/reality/multi-tenant-sass/backend/venv/lib/python3.12/site-packages/django/db/models/sql/query.py", line 1676, in add_q
    clause, _ = self._add_q(q_object, can_reuse)
                ^^^^^^^^^^^^^^^^^^^^^^^^^^^^^^^^
  File "/home/reality/multi-tenant-sass/backend/venv/lib/python3.12/site-packages/django/db/models/sql/query.py", line 1708, in _add_q
    child_clause, needed_inner = self.build_filter(
                                 ^^^^^^^^^^^^^^^^^^
  File "/home/reality/multi-tenant-sass/backend/venv/lib/python3.12/site-packages/django/db/models/sql/query.py", line 1556, in build_filter
    lookups, parts, reffed_expression = self.solve_lookup_type(arg, summarize)
                                        ^^^^^^^^^^^^^^^^^^^^^^^^^^^^^^^^^^^^^^
  File "/home/reality/multi-tenant-sass/backend/venv/lib/python3.12/site-packages/django/db/models/sql/query.py", line 1363, in solve_lookup_type
    _, field, _, lookup_parts = self.names_to_path(lookup_splitted, self.get_meta())
                                ^^^^^^^^^^^^^^^^^^^^^^^^^^^^^^^^^^^^^^^^^^^^^^^^^^^^
  File "/home/reality/multi-tenant-sass/backend/venv/lib/python3.12/site-packages/django/db/models/sql/query.py", line 1842, in names_to_path
    raise FieldError(
django.core.exceptions.FieldError: Cannot resolve keyword 'user' into field. Choices are: id, member, member_id, project, project_id, role
GET /api/v1/workspaces/1/project/89/
Internal Server Error: /api/v1/workspaces/1/project/89/
Traceback (most recent call last):
  File "/home/reality/multi-tenant-sass/backend/venv/lib/python3.12/site-packages/asgiref/sync.py", line 557, in thread_handler
    raise exc_info[1]
  File "/home/reality/multi-tenant-sass/backend/venv/lib/python3.12/site-packages/django/core/handlers/exception.py", line 42, in inner
    response = await get_response(request)
               ^^^^^^^^^^^^^^^^^^^^^^^^^^^
  File "/home/reality/multi-tenant-sass/backend/venv/lib/python3.12/site-packages/asgiref/sync.py", line 557, in thread_handler
    raise exc_info[1]
  File "/home/reality/multi-tenant-sass/backend/venv/lib/python3.12/site-packages/django/core/handlers/base.py", line 254, in _get_response_async
    response = await wrapped_callback(
               ^^^^^^^^^^^^^^^^^^^^^^^
  File "/home/reality/multi-tenant-sass/backend/venv/lib/python3.12/site-packages/asgiref/sync.py", line 506, in __call__
    ret = await asyncio.shield(exec_coro)
          ^^^^^^^^^^^^^^^^^^^^^^^^^^^^^^^
  File "/home/reality/multi-tenant-sass/backend/venv/lib/python3.12/site-packages/asgiref/current_thread_executor.py", line 40, in run
    result = self.fn(*self.args, **self.kwargs)
             ^^^^^^^^^^^^^^^^^^^^^^^^^^^^^^^^^^
  File "/home/reality/multi-tenant-sass/backend/venv/lib/python3.12/site-packages/asgiref/sync.py", line 561, in thread_handler
    return func(*args, **kwargs)
           ^^^^^^^^^^^^^^^^^^^^^
  File "/home/reality/multi-tenant-sass/backend/venv/lib/python3.12/site-packages/django/views/decorators/csrf.py", line 65, in _view_wrapper
    return view_func(request, *args, **kwargs)
           ^^^^^^^^^^^^^^^^^^^^^^^^^^^^^^^^^^^
  File "/home/reality/multi-tenant-sass/backend/venv/lib/python3.12/site-packages/django/views/generic/base.py", line 106, in view
    return self.dispatch(request, *args, **kwargs)
           ^^^^^^^^^^^^^^^^^^^^^^^^^^^^^^^^^^^^^^^
  File "/home/reality/multi-tenant-sass/backend/venv/lib/python3.12/site-packages/rest_framework/views.py", line 515, in dispatch
    response = self.handle_exception(exc)
               ^^^^^^^^^^^^^^^^^^^^^^^^^^
  File "/home/reality/multi-tenant-sass/backend/venv/lib/python3.12/site-packages/rest_framework/views.py", line 475, in handle_exception
    self.raise_uncaught_exception(exc)
  File "/home/reality/multi-tenant-sass/backend/venv/lib/python3.12/site-packages/rest_framework/views.py", line 486, in raise_uncaught_exception
    raise exc
  File "/home/reality/multi-tenant-sass/backend/venv/lib/python3.12/site-packages/rest_framework/views.py", line 512, in dispatch
    response = handler(request, *args, **kwargs)
               ^^^^^^^^^^^^^^^^^^^^^^^^^^^^^^^^^
  File "/home/reality/multi-tenant-sass/backend/venv/lib/python3.12/site-packages/rest_framework/generics.py", line 286, in get
    return self.retrieve(request, *args, **kwargs)
           ^^^^^^^^^^^^^^^^^^^^^^^^^^^^^^^^^^^^^^^
  File "/home/reality/multi-tenant-sass/backend/venv/lib/python3.12/site-packages/rest_framework/mixins.py", line 56, in retrieve
    return Response(serializer.data)
                    ^^^^^^^^^^^^^^^
  File "/home/reality/multi-tenant-sass/backend/venv/lib/python3.12/site-packages/rest_framework/serializers.py", line 585, in data
    ret = super().data
          ^^^^^^^^^^^^
  File "/home/reality/multi-tenant-sass/backend/venv/lib/python3.12/site-packages/rest_framework/serializers.py", line 251, in data
    self._data = self.to_representation(self.instance)
                 ^^^^^^^^^^^^^^^^^^^^^^^^^^^^^^^^^^^^^
  File "/home/reality/multi-tenant-sass/backend/venv/lib/python3.12/site-packages/rest_framework/serializers.py", line 552, in to_representation
    ret[field.field_name] = field.to_representation(attribute)
                            ^^^^^^^^^^^^^^^^^^^^^^^^^^^^^^^^^^
  File "/home/reality/multi-tenant-sass/backend/venv/lib/python3.12/site-packages/rest_framework/fields.py", line 1929, in to_representation
    return method(value)
           ^^^^^^^^^^^^^
  File "/home/reality/multi-tenant-sass/backend/workspace/api/serializers.py", line 166, in get_project_members
    members=members.exclude(user=current_user)
            ^^^^^^^^^^^^^^^^^^^^^^^^^^^^^^^^^^
  File "/home/reality/multi-tenant-sass/backend/venv/lib/python3.12/site-packages/django/db/models/query.py", line 1550, in exclude
    return self._filter_or_exclude(True, args, kwargs)
           ^^^^^^^^^^^^^^^^^^^^^^^^^^^^^^^^^^^^^^^^^^^
  File "/home/reality/multi-tenant-sass/backend/venv/lib/python3.12/site-packages/django/db/models/query.py", line 1560, in _filter_or_exclude
    clone._filter_or_exclude_inplace(negate, args, kwargs)
  File "/home/reality/multi-tenant-sass/backend/venv/lib/python3.12/site-packages/django/db/models/query.py", line 1568, in _filter_or_exclude_inplace
    self._query.add_q(~Q(*args, **kwargs))
  File "/home/reality/multi-tenant-sass/backend/venv/lib/python3.12/site-packages/django/db/models/sql/query.py", line 1676, in add_q
    clause, _ = self._add_q(q_object, can_reuse)
                ^^^^^^^^^^^^^^^^^^^^^^^^^^^^^^^^
  File "/home/reality/multi-tenant-sass/backend/venv/lib/python3.12/site-packages/django/db/models/sql/query.py", line 1708, in _add_q
    child_clause, needed_inner = self.build_filter(
                                 ^^^^^^^^^^^^^^^^^^
  File "/home/reality/multi-tenant-sass/backend/venv/lib/python3.12/site-packages/django/db/models/sql/query.py", line 1556, in build_filter
    lookups, parts, reffed_expression = self.solve_lookup_type(arg, summarize)
                                        ^^^^^^^^^^^^^^^^^^^^^^^^^^^^^^^^^^^^^^
  File "/home/reality/multi-tenant-sass/backend/venv/lib/python3.12/site-packages/django/db/models/sql/query.py", line 1363, in solve_lookup_type
    _, field, _, lookup_parts = self.names_to_path(lookup_splitted, self.get_meta())
                                ^^^^^^^^^^^^^^^^^^^^^^^^^^^^^^^^^^^^^^^^^^^^^^^^^^^^
  File "/home/reality/multi-tenant-sass/backend/venv/lib/python3.12/site-packages/django/db/models/sql/query.py", line 1842, in names_to_path
    raise FieldError(
django.core.exceptions.FieldError: Cannot resolve keyword 'user' into field. Choices are: id, member, member_id, project, project_id, role
GET /api/v1/workspaces/
GET /api/v1/users/me/
GET /api/v1/workspaces/1/role/
GET /api/v1/workspaces/1/project/89/
GET /api/v1/workspaces/
GET /api/v1/users/me/
Internal Server Error: /api/v1/workspaces/1/project/89/
Traceback (most recent call last):
  File "/home/reality/multi-tenant-sass/backend/venv/lib/python3.12/site-packages/asgiref/sync.py", line 557, in thread_handler
    raise exc_info[1]
  File "/home/reality/multi-tenant-sass/backend/venv/lib/python3.12/site-packages/django/core/handlers/exception.py", line 42, in inner
    response = await get_response(request)
               ^^^^^^^^^^^^^^^^^^^^^^^^^^^
  File "/home/reality/multi-tenant-sass/backend/venv/lib/python3.12/site-packages/asgiref/sync.py", line 557, in thread_handler
    raise exc_info[1]
  File "/home/reality/multi-tenant-sass/backend/venv/lib/python3.12/site-packages/django/core/handlers/base.py", line 254, in _get_response_async
    response = await wrapped_callback(
               ^^^^^^^^^^^^^^^^^^^^^^^
  File "/home/reality/multi-tenant-sass/backend/venv/lib/python3.12/site-packages/asgiref/sync.py", line 506, in __call__
    ret = await asyncio.shield(exec_coro)
          ^^^^^^^^^^^^^^^^^^^^^^^^^^^^^^^
  File "/home/reality/multi-tenant-sass/backend/venv/lib/python3.12/site-packages/asgiref/current_thread_executor.py", line 40, in run
    result = self.fn(*self.args, **self.kwargs)
             ^^^^^^^^^^^^^^^^^^^^^^^^^^^^^^^^^^
  File "/home/reality/multi-tenant-sass/backend/venv/lib/python3.12/site-packages/asgiref/sync.py", line 561, in thread_handler
    return func(*args, **kwargs)
           ^^^^^^^^^^^^^^^^^^^^^
  File "/home/reality/multi-tenant-sass/backend/venv/lib/python3.12/site-packages/django/views/decorators/csrf.py", line 65, in _view_wrapper
    return view_func(request, *args, **kwargs)
           ^^^^^^^^^^^^^^^^^^^^^^^^^^^^^^^^^^^
  File "/home/reality/multi-tenant-sass/backend/venv/lib/python3.12/site-packages/django/views/generic/base.py", line 106, in view
    return self.dispatch(request, *args, **kwargs)
           ^^^^^^^^^^^^^^^^^^^^^^^^^^^^^^^^^^^^^^^
  File "/home/reality/multi-tenant-sass/backend/venv/lib/python3.12/site-packages/rest_framework/views.py", line 515, in dispatch
    response = self.handle_exception(exc)
               ^^^^^^^^^^^^^^^^^^^^^^^^^^
  File "/home/reality/multi-tenant-sass/backend/venv/lib/python3.12/site-packages/rest_framework/views.py", line 475, in handle_exception
    self.raise_uncaught_exception(exc)
  File "/home/reality/multi-tenant-sass/backend/venv/lib/python3.12/site-packages/rest_framework/views.py", line 486, in raise_uncaught_exception
    raise exc
  File "/home/reality/multi-tenant-sass/backend/venv/lib/python3.12/site-packages/rest_framework/views.py", line 512, in dispatch
    response = handler(request, *args, **kwargs)
               ^^^^^^^^^^^^^^^^^^^^^^^^^^^^^^^^^
  File "/home/reality/multi-tenant-sass/backend/venv/lib/python3.12/site-packages/rest_framework/generics.py", line 286, in get
    return self.retrieve(request, *args, **kwargs)
           ^^^^^^^^^^^^^^^^^^^^^^^^^^^^^^^^^^^^^^^
  File "/home/reality/multi-tenant-sass/backend/venv/lib/python3.12/site-packages/rest_framework/mixins.py", line 56, in retrieve
    return Response(serializer.data)
                    ^^^^^^^^^^^^^^^
  File "/home/reality/multi-tenant-sass/backend/venv/lib/python3.12/site-packages/rest_framework/serializers.py", line 585, in data
    ret = super().data
          ^^^^^^^^^^^^
  File "/home/reality/multi-tenant-sass/backend/venv/lib/python3.12/site-packages/rest_framework/serializers.py", line 251, in data
    self._data = self.to_representation(self.instance)
                 ^^^^^^^^^^^^^^^^^^^^^^^^^^^^^^^^^^^^^
  File "/home/reality/multi-tenant-sass/backend/venv/lib/python3.12/site-packages/rest_framework/serializers.py", line 552, in to_representation
    ret[field.field_name] = field.to_representation(attribute)
                            ^^^^^^^^^^^^^^^^^^^^^^^^^^^^^^^^^^
  File "/home/reality/multi-tenant-sass/backend/venv/lib/python3.12/site-packages/rest_framework/fields.py", line 1929, in to_representation
    return method(value)
           ^^^^^^^^^^^^^
  File "/home/reality/multi-tenant-sass/backend/workspace/api/serializers.py", line 166, in get_project_members
    members=members.exclude(user=current_user)
            ^^^^^^^^^^^^^^^^^^^^^^^^^^^^^^^^^^
  File "/home/reality/multi-tenant-sass/backend/venv/lib/python3.12/site-packages/django/db/models/query.py", line 1550, in exclude
    return self._filter_or_exclude(True, args, kwargs)
           ^^^^^^^^^^^^^^^^^^^^^^^^^^^^^^^^^^^^^^^^^^^
  File "/home/reality/multi-tenant-sass/backend/venv/lib/python3.12/site-packages/django/db/models/query.py", line 1560, in _filter_or_exclude
    clone._filter_or_exclude_inplace(negate, args, kwargs)
  File "/home/reality/multi-tenant-sass/backend/venv/lib/python3.12/site-packages/django/db/models/query.py", line 1568, in _filter_or_exclude_inplace
    self._query.add_q(~Q(*args, **kwargs))
  File "/home/reality/multi-tenant-sass/backend/venv/lib/python3.12/site-packages/django/db/models/sql/query.py", line 1676, in add_q
    clause, _ = self._add_q(q_object, can_reuse)
                ^^^^^^^^^^^^^^^^^^^^^^^^^^^^^^^^
  File "/home/reality/multi-tenant-sass/backend/venv/lib/python3.12/site-packages/django/db/models/sql/query.py", line 1708, in _add_q
    child_clause, needed_inner = self.build_filter(
                                 ^^^^^^^^^^^^^^^^^^
  File "/home/reality/multi-tenant-sass/backend/venv/lib/python3.12/site-packages/django/db/models/sql/query.py", line 1556, in build_filter
    lookups, parts, reffed_expression = self.solve_lookup_type(arg, summarize)
                                        ^^^^^^^^^^^^^^^^^^^^^^^^^^^^^^^^^^^^^^
  File "/home/reality/multi-tenant-sass/backend/venv/lib/python3.12/site-packages/django/db/models/sql/query.py", line 1363, in solve_lookup_type
    _, field, _, lookup_parts = self.names_to_path(lookup_splitted, self.get_meta())
                                ^^^^^^^^^^^^^^^^^^^^^^^^^^^^^^^^^^^^^^^^^^^^^^^^^^^^
  File "/home/reality/multi-tenant-sass/backend/venv/lib/python3.12/site-packages/django/db/models/sql/query.py", line 1842, in names_to_path
    raise FieldError(
django.core.exceptions.FieldError: Cannot resolve keyword 'user' into field. Choices are: id, member, member_id, project, project_id, role
GET /api/v1/workspaces/1/project/89/
Internal Server Error: /api/v1/workspaces/1/project/89/
Traceback (most recent call last):
  File "/home/reality/multi-tenant-sass/backend/venv/lib/python3.12/site-packages/asgiref/sync.py", line 557, in thread_handler
    raise exc_info[1]
  File "/home/reality/multi-tenant-sass/backend/venv/lib/python3.12/site-packages/django/core/handlers/exception.py", line 42, in inner
    response = await get_response(request)
               ^^^^^^^^^^^^^^^^^^^^^^^^^^^
  File "/home/reality/multi-tenant-sass/backend/venv/lib/python3.12/site-packages/asgiref/sync.py", line 557, in thread_handler
    raise exc_info[1]
  File "/home/reality/multi-tenant-sass/backend/venv/lib/python3.12/site-packages/django/core/handlers/base.py", line 254, in _get_response_async
    response = await wrapped_callback(
               ^^^^^^^^^^^^^^^^^^^^^^^
  File "/home/reality/multi-tenant-sass/backend/venv/lib/python3.12/site-packages/asgiref/sync.py", line 506, in __call__
    ret = await asyncio.shield(exec_coro)
          ^^^^^^^^^^^^^^^^^^^^^^^^^^^^^^^
  File "/home/reality/multi-tenant-sass/backend/venv/lib/python3.12/site-packages/asgiref/current_thread_executor.py", line 40, in run
    result = self.fn(*self.args, **self.kwargs)
             ^^^^^^^^^^^^^^^^^^^^^^^^^^^^^^^^^^
  File "/home/reality/multi-tenant-sass/backend/venv/lib/python3.12/site-packages/asgiref/sync.py", line 561, in thread_handler
    return func(*args, **kwargs)
           ^^^^^^^^^^^^^^^^^^^^^
  File "/home/reality/multi-tenant-sass/backend/venv/lib/python3.12/site-packages/django/views/decorators/csrf.py", line 65, in _view_wrapper
    return view_func(request, *args, **kwargs)
           ^^^^^^^^^^^^^^^^^^^^^^^^^^^^^^^^^^^
  File "/home/reality/multi-tenant-sass/backend/venv/lib/python3.12/site-packages/django/views/generic/base.py", line 106, in view
    return self.dispatch(request, *args, **kwargs)
           ^^^^^^^^^^^^^^^^^^^^^^^^^^^^^^^^^^^^^^^
  File "/home/reality/multi-tenant-sass/backend/venv/lib/python3.12/site-packages/rest_framework/views.py", line 515, in dispatch
    response = self.handle_exception(exc)
               ^^^^^^^^^^^^^^^^^^^^^^^^^^
  File "/home/reality/multi-tenant-sass/backend/venv/lib/python3.12/site-packages/rest_framework/views.py", line 475, in handle_exception
    self.raise_uncaught_exception(exc)
  File "/home/reality/multi-tenant-sass/backend/venv/lib/python3.12/site-packages/rest_framework/views.py", line 486, in raise_uncaught_exception
    raise exc
  File "/home/reality/multi-tenant-sass/backend/venv/lib/python3.12/site-packages/rest_framework/views.py", line 512, in dispatch
    response = handler(request, *args, **kwargs)
               ^^^^^^^^^^^^^^^^^^^^^^^^^^^^^^^^^
  File "/home/reality/multi-tenant-sass/backend/venv/lib/python3.12/site-packages/rest_framework/generics.py", line 286, in get
    return self.retrieve(request, *args, **kwargs)
           ^^^^^^^^^^^^^^^^^^^^^^^^^^^^^^^^^^^^^^^
  File "/home/reality/multi-tenant-sass/backend/venv/lib/python3.12/site-packages/rest_framework/mixins.py", line 56, in retrieve
    return Response(serializer.data)
                    ^^^^^^^^^^^^^^^
  File "/home/reality/multi-tenant-sass/backend/venv/lib/python3.12/site-packages/rest_framework/serializers.py", line 585, in data
    ret = super().data
          ^^^^^^^^^^^^
  File "/home/reality/multi-tenant-sass/backend/venv/lib/python3.12/site-packages/rest_framework/serializers.py", line 251, in data
    self._data = self.to_representation(self.instance)
                 ^^^^^^^^^^^^^^^^^^^^^^^^^^^^^^^^^^^^^
  File "/home/reality/multi-tenant-sass/backend/venv/lib/python3.12/site-packages/rest_framework/serializers.py", line 552, in to_representation
    ret[field.field_name] = field.to_representation(attribute)
                            ^^^^^^^^^^^^^^^^^^^^^^^^^^^^^^^^^^
  File "/home/reality/multi-tenant-sass/backend/venv/lib/python3.12/site-packages/rest_framework/fields.py", line 1929, in to_representation
    return method(value)
           ^^^^^^^^^^^^^
  File "/home/reality/multi-tenant-sass/backend/workspace/api/serializers.py", line 166, in get_project_members
    members=members.exclude(user=current_user)
            ^^^^^^^^^^^^^^^^^^^^^^^^^^^^^^^^^^
  File "/home/reality/multi-tenant-sass/backend/venv/lib/python3.12/site-packages/django/db/models/query.py", line 1550, in exclude
    return self._filter_or_exclude(True, args, kwargs)
           ^^^^^^^^^^^^^^^^^^^^^^^^^^^^^^^^^^^^^^^^^^^
  File "/home/reality/multi-tenant-sass/backend/venv/lib/python3.12/site-packages/django/db/models/query.py", line 1560, in _filter_or_exclude
    clone._filter_or_exclude_inplace(negate, args, kwargs)
  File "/home/reality/multi-tenant-sass/backend/venv/lib/python3.12/site-packages/django/db/models/query.py", line 1568, in _filter_or_exclude_inplace
    self._query.add_q(~Q(*args, **kwargs))
  File "/home/reality/multi-tenant-sass/backend/venv/lib/python3.12/site-packages/django/db/models/sql/query.py", line 1676, in add_q
    clause, _ = self._add_q(q_object, can_reuse)
                ^^^^^^^^^^^^^^^^^^^^^^^^^^^^^^^^
  File "/home/reality/multi-tenant-sass/backend/venv/lib/python3.12/site-packages/django/db/models/sql/query.py", line 1708, in _add_q
    child_clause, needed_inner = self.build_filter(
                                 ^^^^^^^^^^^^^^^^^^
  File "/home/reality/multi-tenant-sass/backend/venv/lib/python3.12/site-packages/django/db/models/sql/query.py", line 1556, in build_filter
    lookups, parts, reffed_expression = self.solve_lookup_type(arg, summarize)
                                        ^^^^^^^^^^^^^^^^^^^^^^^^^^^^^^^^^^^^^^
  File "/home/reality/multi-tenant-sass/backend/venv/lib/python3.12/site-packages/django/db/models/sql/query.py", line 1363, in solve_lookup_type
    _, field, _, lookup_parts = self.names_to_path(lookup_splitted, self.get_meta())
                                ^^^^^^^^^^^^^^^^^^^^^^^^^^^^^^^^^^^^^^^^^^^^^^^^^^^^
  File "/home/reality/multi-tenant-sass/backend/venv/lib/python3.12/site-packages/django/db/models/sql/query.py", line 1842, in names_to_path
    raise FieldError(
django.core.exceptions.FieldError: Cannot resolve keyword 'user' into field. Choices are: id, member, member_id, project, project_id, role
GET /api/v1/workspaces/1/project/89/
Internal Server Error: /api/v1/workspaces/1/project/89/
Traceback (most recent call last):
  File "/home/reality/multi-tenant-sass/backend/venv/lib/python3.12/site-packages/asgiref/sync.py", line 557, in thread_handler
    raise exc_info[1]
  File "/home/reality/multi-tenant-sass/backend/venv/lib/python3.12/site-packages/django/core/handlers/exception.py", line 42, in inner
    response = await get_response(request)
               ^^^^^^^^^^^^^^^^^^^^^^^^^^^
  File "/home/reality/multi-tenant-sass/backend/venv/lib/python3.12/site-packages/asgiref/sync.py", line 557, in thread_handler
    raise exc_info[1]
  File "/home/reality/multi-tenant-sass/backend/venv/lib/python3.12/site-packages/django/core/handlers/base.py", line 254, in _get_response_async
    response = await wrapped_callback(
               ^^^^^^^^^^^^^^^^^^^^^^^
  File "/home/reality/multi-tenant-sass/backend/venv/lib/python3.12/site-packages/asgiref/sync.py", line 506, in __call__
    ret = await asyncio.shield(exec_coro)
          ^^^^^^^^^^^^^^^^^^^^^^^^^^^^^^^
  File "/home/reality/multi-tenant-sass/backend/venv/lib/python3.12/site-packages/asgiref/current_thread_executor.py", line 40, in run
    result = self.fn(*self.args, **self.kwargs)
             ^^^^^^^^^^^^^^^^^^^^^^^^^^^^^^^^^^
  File "/home/reality/multi-tenant-sass/backend/venv/lib/python3.12/site-packages/asgiref/sync.py", line 561, in thread_handler
    return func(*args, **kwargs)
           ^^^^^^^^^^^^^^^^^^^^^
  File "/home/reality/multi-tenant-sass/backend/venv/lib/python3.12/site-packages/django/views/decorators/csrf.py", line 65, in _view_wrapper
    return view_func(request, *args, **kwargs)
           ^^^^^^^^^^^^^^^^^^^^^^^^^^^^^^^^^^^
  File "/home/reality/multi-tenant-sass/backend/venv/lib/python3.12/site-packages/django/views/generic/base.py", line 106, in view
    return self.dispatch(request, *args, **kwargs)
           ^^^^^^^^^^^^^^^^^^^^^^^^^^^^^^^^^^^^^^^
  File "/home/reality/multi-tenant-sass/backend/venv/lib/python3.12/site-packages/rest_framework/views.py", line 515, in dispatch
    response = self.handle_exception(exc)
               ^^^^^^^^^^^^^^^^^^^^^^^^^^
  File "/home/reality/multi-tenant-sass/backend/venv/lib/python3.12/site-packages/rest_framework/views.py", line 475, in handle_exception
    self.raise_uncaught_exception(exc)
  File "/home/reality/multi-tenant-sass/backend/venv/lib/python3.12/site-packages/rest_framework/views.py", line 486, in raise_uncaught_exception
    raise exc
  File "/home/reality/multi-tenant-sass/backend/venv/lib/python3.12/site-packages/rest_framework/views.py", line 512, in dispatch
    response = handler(request, *args, **kwargs)
               ^^^^^^^^^^^^^^^^^^^^^^^^^^^^^^^^^
  File "/home/reality/multi-tenant-sass/backend/venv/lib/python3.12/site-packages/rest_framework/generics.py", line 286, in get
    return self.retrieve(request, *args, **kwargs)
           ^^^^^^^^^^^^^^^^^^^^^^^^^^^^^^^^^^^^^^^
  File "/home/reality/multi-tenant-sass/backend/venv/lib/python3.12/site-packages/rest_framework/mixins.py", line 56, in retrieve
    return Response(serializer.data)
                    ^^^^^^^^^^^^^^^
  File "/home/reality/multi-tenant-sass/backend/venv/lib/python3.12/site-packages/rest_framework/serializers.py", line 585, in data
    ret = super().data
          ^^^^^^^^^^^^
  File "/home/reality/multi-tenant-sass/backend/venv/lib/python3.12/site-packages/rest_framework/serializers.py", line 251, in data
    self._data = self.to_representation(self.instance)
                 ^^^^^^^^^^^^^^^^^^^^^^^^^^^^^^^^^^^^^
  File "/home/reality/multi-tenant-sass/backend/venv/lib/python3.12/site-packages/rest_framework/serializers.py", line 552, in to_representation
    ret[field.field_name] = field.to_representation(attribute)
                            ^^^^^^^^^^^^^^^^^^^^^^^^^^^^^^^^^^
  File "/home/reality/multi-tenant-sass/backend/venv/lib/python3.12/site-packages/rest_framework/fields.py", line 1929, in to_representation
    return method(value)
           ^^^^^^^^^^^^^
  File "/home/reality/multi-tenant-sass/backend/workspace/api/serializers.py", line 166, in get_project_members
    members=members.exclude(user=current_user)
            ^^^^^^^^^^^^^^^^^^^^^^^^^^^^^^^^^^
  File "/home/reality/multi-tenant-sass/backend/venv/lib/python3.12/site-packages/django/db/models/query.py", line 1550, in exclude
    return self._filter_or_exclude(True, args, kwargs)
           ^^^^^^^^^^^^^^^^^^^^^^^^^^^^^^^^^^^^^^^^^^^
  File "/home/reality/multi-tenant-sass/backend/venv/lib/python3.12/site-packages/django/db/models/query.py", line 1560, in _filter_or_exclude
    clone._filter_or_exclude_inplace(negate, args, kwargs)
  File "/home/reality/multi-tenant-sass/backend/venv/lib/python3.12/site-packages/django/db/models/query.py", line 1568, in _filter_or_exclude_inplace
    self._query.add_q(~Q(*args, **kwargs))
  File "/home/reality/multi-tenant-sass/backend/venv/lib/python3.12/site-packages/django/db/models/sql/query.py", line 1676, in add_q
    clause, _ = self._add_q(q_object, can_reuse)
                ^^^^^^^^^^^^^^^^^^^^^^^^^^^^^^^^
  File "/home/reality/multi-tenant-sass/backend/venv/lib/python3.12/site-packages/django/db/models/sql/query.py", line 1708, in _add_q
    child_clause, needed_inner = self.build_filter(
                                 ^^^^^^^^^^^^^^^^^^
  File "/home/reality/multi-tenant-sass/backend/venv/lib/python3.12/site-packages/django/db/models/sql/query.py", line 1556, in build_filter
    lookups, parts, reffed_expression = self.solve_lookup_type(arg, summarize)
                                        ^^^^^^^^^^^^^^^^^^^^^^^^^^^^^^^^^^^^^^
  File "/home/reality/multi-tenant-sass/backend/venv/lib/python3.12/site-packages/django/db/models/sql/query.py", line 1363, in solve_lookup_type
    _, field, _, lookup_parts = self.names_to_path(lookup_splitted, self.get_meta())
                                ^^^^^^^^^^^^^^^^^^^^^^^^^^^^^^^^^^^^^^^^^^^^^^^^^^^^
  File "/home/reality/multi-tenant-sass/backend/venv/lib/python3.12/site-packages/django/db/models/sql/query.py", line 1842, in names_to_path
    raise FieldError(
django.core.exceptions.FieldError: Cannot resolve keyword 'user' into field. Choices are: id, member, member_id, project, project_id, role
GET /api/v1/workspaces/1/project/89/
Internal Server Error: /api/v1/workspaces/1/project/89/
Traceback (most recent call last):
  File "/home/reality/multi-tenant-sass/backend/venv/lib/python3.12/site-packages/asgiref/sync.py", line 557, in thread_handler
    raise exc_info[1]
  File "/home/reality/multi-tenant-sass/backend/venv/lib/python3.12/site-packages/django/core/handlers/exception.py", line 42, in inner
    response = await get_response(request)
               ^^^^^^^^^^^^^^^^^^^^^^^^^^^
  File "/home/reality/multi-tenant-sass/backend/venv/lib/python3.12/site-packages/asgiref/sync.py", line 557, in thread_handler
    raise exc_info[1]
  File "/home/reality/multi-tenant-sass/backend/venv/lib/python3.12/site-packages/django/core/handlers/base.py", line 254, in _get_response_async
    response = await wrapped_callback(
               ^^^^^^^^^^^^^^^^^^^^^^^
  File "/home/reality/multi-tenant-sass/backend/venv/lib/python3.12/site-packages/asgiref/sync.py", line 506, in __call__
    ret = await asyncio.shield(exec_coro)
          ^^^^^^^^^^^^^^^^^^^^^^^^^^^^^^^
  File "/home/reality/multi-tenant-sass/backend/venv/lib/python3.12/site-packages/asgiref/current_thread_executor.py", line 40, in run
    result = self.fn(*self.args, **self.kwargs)
             ^^^^^^^^^^^^^^^^^^^^^^^^^^^^^^^^^^
  File "/home/reality/multi-tenant-sass/backend/venv/lib/python3.12/site-packages/asgiref/sync.py", line 561, in thread_handler
    return func(*args, **kwargs)
           ^^^^^^^^^^^^^^^^^^^^^
  File "/home/reality/multi-tenant-sass/backend/venv/lib/python3.12/site-packages/django/views/decorators/csrf.py", line 65, in _view_wrapper
    return view_func(request, *args, **kwargs)
           ^^^^^^^^^^^^^^^^^^^^^^^^^^^^^^^^^^^
  File "/home/reality/multi-tenant-sass/backend/venv/lib/python3.12/site-packages/django/views/generic/base.py", line 106, in view
    return self.dispatch(request, *args, **kwargs)
           ^^^^^^^^^^^^^^^^^^^^^^^^^^^^^^^^^^^^^^^
  File "/home/reality/multi-tenant-sass/backend/venv/lib/python3.12/site-packages/rest_framework/views.py", line 515, in dispatch
    response = self.handle_exception(exc)
               ^^^^^^^^^^^^^^^^^^^^^^^^^^
  File "/home/reality/multi-tenant-sass/backend/venv/lib/python3.12/site-packages/rest_framework/views.py", line 475, in handle_exception
    self.raise_uncaught_exception(exc)
  File "/home/reality/multi-tenant-sass/backend/venv/lib/python3.12/site-packages/rest_framework/views.py", line 486, in raise_uncaught_exception
    raise exc
  File "/home/reality/multi-tenant-sass/backend/venv/lib/python3.12/site-packages/rest_framework/views.py", line 512, in dispatch
    response = handler(request, *args, **kwargs)
               ^^^^^^^^^^^^^^^^^^^^^^^^^^^^^^^^^
  File "/home/reality/multi-tenant-sass/backend/venv/lib/python3.12/site-packages/rest_framework/generics.py", line 286, in get
    return self.retrieve(request, *args, **kwargs)
           ^^^^^^^^^^^^^^^^^^^^^^^^^^^^^^^^^^^^^^^
  File "/home/reality/multi-tenant-sass/backend/venv/lib/python3.12/site-packages/rest_framework/mixins.py", line 56, in retrieve
    return Response(serializer.data)
                    ^^^^^^^^^^^^^^^
  File "/home/reality/multi-tenant-sass/backend/venv/lib/python3.12/site-packages/rest_framework/serializers.py", line 585, in data
    ret = super().data
          ^^^^^^^^^^^^
  File "/home/reality/multi-tenant-sass/backend/venv/lib/python3.12/site-packages/rest_framework/serializers.py", line 251, in data
    self._data = self.to_representation(self.instance)
                 ^^^^^^^^^^^^^^^^^^^^^^^^^^^^^^^^^^^^^
  File "/home/reality/multi-tenant-sass/backend/venv/lib/python3.12/site-packages/rest_framework/serializers.py", line 552, in to_representation
    ret[field.field_name] = field.to_representation(attribute)
                            ^^^^^^^^^^^^^^^^^^^^^^^^^^^^^^^^^^
  File "/home/reality/multi-tenant-sass/backend/venv/lib/python3.12/site-packages/rest_framework/fields.py", line 1929, in to_representation
    return method(value)
           ^^^^^^^^^^^^^
  File "/home/reality/multi-tenant-sass/backend/workspace/api/serializers.py", line 166, in get_project_members
    members=members.exclude(user=current_user)
            ^^^^^^^^^^^^^^^^^^^^^^^^^^^^^^^^^^
  File "/home/reality/multi-tenant-sass/backend/venv/lib/python3.12/site-packages/django/db/models/query.py", line 1550, in exclude
    return self._filter_or_exclude(True, args, kwargs)
           ^^^^^^^^^^^^^^^^^^^^^^^^^^^^^^^^^^^^^^^^^^^
  File "/home/reality/multi-tenant-sass/backend/venv/lib/python3.12/site-packages/django/db/models/query.py", line 1560, in _filter_or_exclude
    clone._filter_or_exclude_inplace(negate, args, kwargs)
  File "/home/reality/multi-tenant-sass/backend/venv/lib/python3.12/site-packages/django/db/models/query.py", line 1568, in _filter_or_exclude_inplace
    self._query.add_q(~Q(*args, **kwargs))
  File "/home/reality/multi-tenant-sass/backend/venv/lib/python3.12/site-packages/django/db/models/sql/query.py", line 1676, in add_q
    clause, _ = self._add_q(q_object, can_reuse)
                ^^^^^^^^^^^^^^^^^^^^^^^^^^^^^^^^
  File "/home/reality/multi-tenant-sass/backend/venv/lib/python3.12/site-packages/django/db/models/sql/query.py", line 1708, in _add_q
    child_clause, needed_inner = self.build_filter(
                                 ^^^^^^^^^^^^^^^^^^
  File "/home/reality/multi-tenant-sass/backend/venv/lib/python3.12/site-packages/django/db/models/sql/query.py", line 1556, in build_filter
    lookups, parts, reffed_expression = self.solve_lookup_type(arg, summarize)
                                        ^^^^^^^^^^^^^^^^^^^^^^^^^^^^^^^^^^^^^^
  File "/home/reality/multi-tenant-sass/backend/venv/lib/python3.12/site-packages/django/db/models/sql/query.py", line 1363, in solve_lookup_type
    _, field, _, lookup_parts = self.names_to_path(lookup_splitted, self.get_meta())
                                ^^^^^^^^^^^^^^^^^^^^^^^^^^^^^^^^^^^^^^^^^^^^^^^^^^^^
  File "/home/reality/multi-tenant-sass/backend/venv/lib/python3.12/site-packages/django/db/models/sql/query.py", line 1842, in names_to_path
    raise FieldError(
django.core.exceptions.FieldError: Cannot resolve keyword 'user' into field. Choices are: id, member, member_id, project, project_id, role
GET /api/v1/workspaces/
GET /api/v1/workspaces/1/role/
GET /api/v1/workspaces/1/project/89/
GET /api/v1/users/me/
Unauthorized: /api/v1/workspaces/
POST /api/v1/auth/refresh-token/
Unauthorized: /api/v1/workspaces/1/role/
Unauthorized: /api/v1/users/me/
Unauthorized: /api/v1/workspaces/1/project/89/
GET /api/v1/workspaces/
GET /api/v1/workspaces/1/role/
GET /api/v1/workspaces/1/project/89/
GET /api/v1/users/me/
Internal Server Error: /api/v1/workspaces/1/project/89/
Traceback (most recent call last):
  File "/home/reality/multi-tenant-sass/backend/venv/lib/python3.12/site-packages/asgiref/sync.py", line 557, in thread_handler
    raise exc_info[1]
  File "/home/reality/multi-tenant-sass/backend/venv/lib/python3.12/site-packages/django/core/handlers/exception.py", line 42, in inner
    response = await get_response(request)
               ^^^^^^^^^^^^^^^^^^^^^^^^^^^
  File "/home/reality/multi-tenant-sass/backend/venv/lib/python3.12/site-packages/asgiref/sync.py", line 557, in thread_handler
    raise exc_info[1]
  File "/home/reality/multi-tenant-sass/backend/venv/lib/python3.12/site-packages/django/core/handlers/base.py", line 254, in _get_response_async
    response = await wrapped_callback(
               ^^^^^^^^^^^^^^^^^^^^^^^
  File "/home/reality/multi-tenant-sass/backend/venv/lib/python3.12/site-packages/asgiref/sync.py", line 506, in __call__
    ret = await asyncio.shield(exec_coro)
          ^^^^^^^^^^^^^^^^^^^^^^^^^^^^^^^
  File "/home/reality/multi-tenant-sass/backend/venv/lib/python3.12/site-packages/asgiref/current_thread_executor.py", line 40, in run
    result = self.fn(*self.args, **self.kwargs)
             ^^^^^^^^^^^^^^^^^^^^^^^^^^^^^^^^^^
  File "/home/reality/multi-tenant-sass/backend/venv/lib/python3.12/site-packages/asgiref/sync.py", line 561, in thread_handler
    return func(*args, **kwargs)
           ^^^^^^^^^^^^^^^^^^^^^
  File "/home/reality/multi-tenant-sass/backend/venv/lib/python3.12/site-packages/django/views/decorators/csrf.py", line 65, in _view_wrapper
    return view_func(request, *args, **kwargs)
           ^^^^^^^^^^^^^^^^^^^^^^^^^^^^^^^^^^^
  File "/home/reality/multi-tenant-sass/backend/venv/lib/python3.12/site-packages/django/views/generic/base.py", line 106, in view
    return self.dispatch(request, *args, **kwargs)
           ^^^^^^^^^^^^^^^^^^^^^^^^^^^^^^^^^^^^^^^
  File "/home/reality/multi-tenant-sass/backend/venv/lib/python3.12/site-packages/rest_framework/views.py", line 515, in dispatch
    response = self.handle_exception(exc)
               ^^^^^^^^^^^^^^^^^^^^^^^^^^
  File "/home/reality/multi-tenant-sass/backend/venv/lib/python3.12/site-packages/rest_framework/views.py", line 475, in handle_exception
    self.raise_uncaught_exception(exc)
  File "/home/reality/multi-tenant-sass/backend/venv/lib/python3.12/site-packages/rest_framework/views.py", line 486, in raise_uncaught_exception
    raise exc
  File "/home/reality/multi-tenant-sass/backend/venv/lib/python3.12/site-packages/rest_framework/views.py", line 512, in dispatch
    response = handler(request, *args, **kwargs)
               ^^^^^^^^^^^^^^^^^^^^^^^^^^^^^^^^^
  File "/home/reality/multi-tenant-sass/backend/venv/lib/python3.12/site-packages/rest_framework/generics.py", line 286, in get
    return self.retrieve(request, *args, **kwargs)
           ^^^^^^^^^^^^^^^^^^^^^^^^^^^^^^^^^^^^^^^
  File "/home/reality/multi-tenant-sass/backend/venv/lib/python3.12/site-packages/rest_framework/mixins.py", line 56, in retrieve
    return Response(serializer.data)
                    ^^^^^^^^^^^^^^^
  File "/home/reality/multi-tenant-sass/backend/venv/lib/python3.12/site-packages/rest_framework/serializers.py", line 585, in data
    ret = super().data
          ^^^^^^^^^^^^
  File "/home/reality/multi-tenant-sass/backend/venv/lib/python3.12/site-packages/rest_framework/serializers.py", line 251, in data
    self._data = self.to_representation(self.instance)
                 ^^^^^^^^^^^^^^^^^^^^^^^^^^^^^^^^^^^^^
  File "/home/reality/multi-tenant-sass/backend/venv/lib/python3.12/site-packages/rest_framework/serializers.py", line 552, in to_representation
    ret[field.field_name] = field.to_representation(attribute)
                            ^^^^^^^^^^^^^^^^^^^^^^^^^^^^^^^^^^
  File "/home/reality/multi-tenant-sass/backend/venv/lib/python3.12/site-packages/rest_framework/fields.py", line 1929, in to_representation
    return method(value)
           ^^^^^^^^^^^^^
  File "/home/reality/multi-tenant-sass/backend/workspace/api/serializers.py", line 166, in get_project_members
    members=members.exclude(user=current_user)
            ^^^^^^^^^^^^^^^^^^^^^^^^^^^^^^^^^^
  File "/home/reality/multi-tenant-sass/backend/venv/lib/python3.12/site-packages/django/db/models/query.py", line 1550, in exclude
    return self._filter_or_exclude(True, args, kwargs)
           ^^^^^^^^^^^^^^^^^^^^^^^^^^^^^^^^^^^^^^^^^^^
  File "/home/reality/multi-tenant-sass/backend/venv/lib/python3.12/site-packages/django/db/models/query.py", line 1560, in _filter_or_exclude
    clone._filter_or_exclude_inplace(negate, args, kwargs)
  File "/home/reality/multi-tenant-sass/backend/venv/lib/python3.12/site-packages/django/db/models/query.py", line 1568, in _filter_or_exclude_inplace
    self._query.add_q(~Q(*args, **kwargs))
  File "/home/reality/multi-tenant-sass/backend/venv/lib/python3.12/site-packages/django/db/models/sql/query.py", line 1676, in add_q
    clause, _ = self._add_q(q_object, can_reuse)
                ^^^^^^^^^^^^^^^^^^^^^^^^^^^^^^^^
  File "/home/reality/multi-tenant-sass/backend/venv/lib/python3.12/site-packages/django/db/models/sql/query.py", line 1708, in _add_q
    child_clause, needed_inner = self.build_filter(
                                 ^^^^^^^^^^^^^^^^^^
  File "/home/reality/multi-tenant-sass/backend/venv/lib/python3.12/site-packages/django/db/models/sql/query.py", line 1556, in build_filter
    lookups, parts, reffed_expression = self.solve_lookup_type(arg, summarize)
                                        ^^^^^^^^^^^^^^^^^^^^^^^^^^^^^^^^^^^^^^
  File "/home/reality/multi-tenant-sass/backend/venv/lib/python3.12/site-packages/django/db/models/sql/query.py", line 1363, in solve_lookup_type
    _, field, _, lookup_parts = self.names_to_path(lookup_splitted, self.get_meta())
                                ^^^^^^^^^^^^^^^^^^^^^^^^^^^^^^^^^^^^^^^^^^^^^^^^^^^^
  File "/home/reality/multi-tenant-sass/backend/venv/lib/python3.12/site-packages/django/db/models/sql/query.py", line 1842, in names_to_path
    raise FieldError(
django.core.exceptions.FieldError: Cannot resolve keyword 'user' into field. Choices are: id, member, member_id, project, project_id, role
GET /api/v1/workspaces/1/project/89/
Internal Server Error: /api/v1/workspaces/1/project/89/
Traceback (most recent call last):
  File "/home/reality/multi-tenant-sass/backend/venv/lib/python3.12/site-packages/asgiref/sync.py", line 557, in thread_handler
    raise exc_info[1]
  File "/home/reality/multi-tenant-sass/backend/venv/lib/python3.12/site-packages/django/core/handlers/exception.py", line 42, in inner
    response = await get_response(request)
               ^^^^^^^^^^^^^^^^^^^^^^^^^^^
  File "/home/reality/multi-tenant-sass/backend/venv/lib/python3.12/site-packages/asgiref/sync.py", line 557, in thread_handler
    raise exc_info[1]
  File "/home/reality/multi-tenant-sass/backend/venv/lib/python3.12/site-packages/django/core/handlers/base.py", line 254, in _get_response_async
    response = await wrapped_callback(
               ^^^^^^^^^^^^^^^^^^^^^^^
  File "/home/reality/multi-tenant-sass/backend/venv/lib/python3.12/site-packages/asgiref/sync.py", line 506, in __call__
    ret = await asyncio.shield(exec_coro)
          ^^^^^^^^^^^^^^^^^^^^^^^^^^^^^^^
  File "/home/reality/multi-tenant-sass/backend/venv/lib/python3.12/site-packages/asgiref/current_thread_executor.py", line 40, in run
    result = self.fn(*self.args, **self.kwargs)
             ^^^^^^^^^^^^^^^^^^^^^^^^^^^^^^^^^^
  File "/home/reality/multi-tenant-sass/backend/venv/lib/python3.12/site-packages/asgiref/sync.py", line 561, in thread_handler
    return func(*args, **kwargs)
           ^^^^^^^^^^^^^^^^^^^^^
  File "/home/reality/multi-tenant-sass/backend/venv/lib/python3.12/site-packages/django/views/decorators/csrf.py", line 65, in _view_wrapper
    return view_func(request, *args, **kwargs)
           ^^^^^^^^^^^^^^^^^^^^^^^^^^^^^^^^^^^
  File "/home/reality/multi-tenant-sass/backend/venv/lib/python3.12/site-packages/django/views/generic/base.py", line 106, in view
    return self.dispatch(request, *args, **kwargs)
           ^^^^^^^^^^^^^^^^^^^^^^^^^^^^^^^^^^^^^^^
  File "/home/reality/multi-tenant-sass/backend/venv/lib/python3.12/site-packages/rest_framework/views.py", line 515, in dispatch
    response = self.handle_exception(exc)
               ^^^^^^^^^^^^^^^^^^^^^^^^^^
  File "/home/reality/multi-tenant-sass/backend/venv/lib/python3.12/site-packages/rest_framework/views.py", line 475, in handle_exception
    self.raise_uncaught_exception(exc)
  File "/home/reality/multi-tenant-sass/backend/venv/lib/python3.12/site-packages/rest_framework/views.py", line 486, in raise_uncaught_exception
    raise exc
  File "/home/reality/multi-tenant-sass/backend/venv/lib/python3.12/site-packages/rest_framework/views.py", line 512, in dispatch
    response = handler(request, *args, **kwargs)
               ^^^^^^^^^^^^^^^^^^^^^^^^^^^^^^^^^
  File "/home/reality/multi-tenant-sass/backend/venv/lib/python3.12/site-packages/rest_framework/generics.py", line 286, in get
    return self.retrieve(request, *args, **kwargs)
           ^^^^^^^^^^^^^^^^^^^^^^^^^^^^^^^^^^^^^^^
  File "/home/reality/multi-tenant-sass/backend/venv/lib/python3.12/site-packages/rest_framework/mixins.py", line 56, in retrieve
    return Response(serializer.data)
                    ^^^^^^^^^^^^^^^
  File "/home/reality/multi-tenant-sass/backend/venv/lib/python3.12/site-packages/rest_framework/serializers.py", line 585, in data
    ret = super().data
          ^^^^^^^^^^^^
  File "/home/reality/multi-tenant-sass/backend/venv/lib/python3.12/site-packages/rest_framework/serializers.py", line 251, in data
    self._data = self.to_representation(self.instance)
                 ^^^^^^^^^^^^^^^^^^^^^^^^^^^^^^^^^^^^^
  File "/home/reality/multi-tenant-sass/backend/venv/lib/python3.12/site-packages/rest_framework/serializers.py", line 552, in to_representation
    ret[field.field_name] = field.to_representation(attribute)
                            ^^^^^^^^^^^^^^^^^^^^^^^^^^^^^^^^^^
  File "/home/reality/multi-tenant-sass/backend/venv/lib/python3.12/site-packages/rest_framework/fields.py", line 1929, in to_representation
    return method(value)
           ^^^^^^^^^^^^^
  File "/home/reality/multi-tenant-sass/backend/workspace/api/serializers.py", line 166, in get_project_members
    members=members.exclude(user=current_user)
            ^^^^^^^^^^^^^^^^^^^^^^^^^^^^^^^^^^
  File "/home/reality/multi-tenant-sass/backend/venv/lib/python3.12/site-packages/django/db/models/query.py", line 1550, in exclude
    return self._filter_or_exclude(True, args, kwargs)
           ^^^^^^^^^^^^^^^^^^^^^^^^^^^^^^^^^^^^^^^^^^^
  File "/home/reality/multi-tenant-sass/backend/venv/lib/python3.12/site-packages/django/db/models/query.py", line 1560, in _filter_or_exclude
    clone._filter_or_exclude_inplace(negate, args, kwargs)
  File "/home/reality/multi-tenant-sass/backend/venv/lib/python3.12/site-packages/django/db/models/query.py", line 1568, in _filter_or_exclude_inplace
    self._query.add_q(~Q(*args, **kwargs))
  File "/home/reality/multi-tenant-sass/backend/venv/lib/python3.12/site-packages/django/db/models/sql/query.py", line 1676, in add_q
    clause, _ = self._add_q(q_object, can_reuse)
                ^^^^^^^^^^^^^^^^^^^^^^^^^^^^^^^^
  File "/home/reality/multi-tenant-sass/backend/venv/lib/python3.12/site-packages/django/db/models/sql/query.py", line 1708, in _add_q
    child_clause, needed_inner = self.build_filter(
                                 ^^^^^^^^^^^^^^^^^^
  File "/home/reality/multi-tenant-sass/backend/venv/lib/python3.12/site-packages/django/db/models/sql/query.py", line 1556, in build_filter
    lookups, parts, reffed_expression = self.solve_lookup_type(arg, summarize)
                                        ^^^^^^^^^^^^^^^^^^^^^^^^^^^^^^^^^^^^^^
  File "/home/reality/multi-tenant-sass/backend/venv/lib/python3.12/site-packages/django/db/models/sql/query.py", line 1363, in solve_lookup_type
    _, field, _, lookup_parts = self.names_to_path(lookup_splitted, self.get_meta())
                                ^^^^^^^^^^^^^^^^^^^^^^^^^^^^^^^^^^^^^^^^^^^^^^^^^^^^
  File "/home/reality/multi-tenant-sass/backend/venv/lib/python3.12/site-packages/django/db/models/sql/query.py", line 1842, in names_to_path
    raise FieldError(
django.core.exceptions.FieldError: Cannot resolve keyword 'user' into field. Choices are: id, member, member_id, project, project_id, role
GET /api/v1/workspaces/1/project/89/
Internal Server Error: /api/v1/workspaces/1/project/89/
Traceback (most recent call last):
  File "/home/reality/multi-tenant-sass/backend/venv/lib/python3.12/site-packages/asgiref/sync.py", line 557, in thread_handler
    raise exc_info[1]
  File "/home/reality/multi-tenant-sass/backend/venv/lib/python3.12/site-packages/django/core/handlers/exception.py", line 42, in inner
    response = await get_response(request)
               ^^^^^^^^^^^^^^^^^^^^^^^^^^^
  File "/home/reality/multi-tenant-sass/backend/venv/lib/python3.12/site-packages/asgiref/sync.py", line 557, in thread_handler
    raise exc_info[1]
  File "/home/reality/multi-tenant-sass/backend/venv/lib/python3.12/site-packages/django/core/handlers/base.py", line 254, in _get_response_async
    response = await wrapped_callback(
               ^^^^^^^^^^^^^^^^^^^^^^^
  File "/home/reality/multi-tenant-sass/backend/venv/lib/python3.12/site-packages/asgiref/sync.py", line 506, in __call__
    ret = await asyncio.shield(exec_coro)
          ^^^^^^^^^^^^^^^^^^^^^^^^^^^^^^^
  File "/home/reality/multi-tenant-sass/backend/venv/lib/python3.12/site-packages/asgiref/current_thread_executor.py", line 40, in run
    result = self.fn(*self.args, **self.kwargs)
             ^^^^^^^^^^^^^^^^^^^^^^^^^^^^^^^^^^
  File "/home/reality/multi-tenant-sass/backend/venv/lib/python3.12/site-packages/asgiref/sync.py", line 561, in thread_handler
    return func(*args, **kwargs)
           ^^^^^^^^^^^^^^^^^^^^^
  File "/home/reality/multi-tenant-sass/backend/venv/lib/python3.12/site-packages/django/views/decorators/csrf.py", line 65, in _view_wrapper
    return view_func(request, *args, **kwargs)
           ^^^^^^^^^^^^^^^^^^^^^^^^^^^^^^^^^^^
  File "/home/reality/multi-tenant-sass/backend/venv/lib/python3.12/site-packages/django/views/generic/base.py", line 106, in view
    return self.dispatch(request, *args, **kwargs)
           ^^^^^^^^^^^^^^^^^^^^^^^^^^^^^^^^^^^^^^^
  File "/home/reality/multi-tenant-sass/backend/venv/lib/python3.12/site-packages/rest_framework/views.py", line 515, in dispatch
    response = self.handle_exception(exc)
               ^^^^^^^^^^^^^^^^^^^^^^^^^^
  File "/home/reality/multi-tenant-sass/backend/venv/lib/python3.12/site-packages/rest_framework/views.py", line 475, in handle_exception
    self.raise_uncaught_exception(exc)
  File "/home/reality/multi-tenant-sass/backend/venv/lib/python3.12/site-packages/rest_framework/views.py", line 486, in raise_uncaught_exception
    raise exc
  File "/home/reality/multi-tenant-sass/backend/venv/lib/python3.12/site-packages/rest_framework/views.py", line 512, in dispatch
    response = handler(request, *args, **kwargs)
               ^^^^^^^^^^^^^^^^^^^^^^^^^^^^^^^^^
  File "/home/reality/multi-tenant-sass/backend/venv/lib/python3.12/site-packages/rest_framework/generics.py", line 286, in get
    return self.retrieve(request, *args, **kwargs)
           ^^^^^^^^^^^^^^^^^^^^^^^^^^^^^^^^^^^^^^^
  File "/home/reality/multi-tenant-sass/backend/venv/lib/python3.12/site-packages/rest_framework/mixins.py", line 56, in retrieve
    return Response(serializer.data)
                    ^^^^^^^^^^^^^^^
  File "/home/reality/multi-tenant-sass/backend/venv/lib/python3.12/site-packages/rest_framework/serializers.py", line 585, in data
    ret = super().data
          ^^^^^^^^^^^^
  File "/home/reality/multi-tenant-sass/backend/venv/lib/python3.12/site-packages/rest_framework/serializers.py", line 251, in data
    self._data = self.to_representation(self.instance)
                 ^^^^^^^^^^^^^^^^^^^^^^^^^^^^^^^^^^^^^
  File "/home/reality/multi-tenant-sass/backend/venv/lib/python3.12/site-packages/rest_framework/serializers.py", line 552, in to_representation
    ret[field.field_name] = field.to_representation(attribute)
                            ^^^^^^^^^^^^^^^^^^^^^^^^^^^^^^^^^^
  File "/home/reality/multi-tenant-sass/backend/venv/lib/python3.12/site-packages/rest_framework/fields.py", line 1929, in to_representation
    return method(value)
           ^^^^^^^^^^^^^
  File "/home/reality/multi-tenant-sass/backend/workspace/api/serializers.py", line 166, in get_project_members
    members=members.exclude(user=current_user)
            ^^^^^^^^^^^^^^^^^^^^^^^^^^^^^^^^^^
  File "/home/reality/multi-tenant-sass/backend/venv/lib/python3.12/site-packages/django/db/models/query.py", line 1550, in exclude
    return self._filter_or_exclude(True, args, kwargs)
           ^^^^^^^^^^^^^^^^^^^^^^^^^^^^^^^^^^^^^^^^^^^
  File "/home/reality/multi-tenant-sass/backend/venv/lib/python3.12/site-packages/django/db/models/query.py", line 1560, in _filter_or_exclude
    clone._filter_or_exclude_inplace(negate, args, kwargs)
  File "/home/reality/multi-tenant-sass/backend/venv/lib/python3.12/site-packages/django/db/models/query.py", line 1568, in _filter_or_exclude_inplace
    self._query.add_q(~Q(*args, **kwargs))
  File "/home/reality/multi-tenant-sass/backend/venv/lib/python3.12/site-packages/django/db/models/sql/query.py", line 1676, in add_q
    clause, _ = self._add_q(q_object, can_reuse)
                ^^^^^^^^^^^^^^^^^^^^^^^^^^^^^^^^
  File "/home/reality/multi-tenant-sass/backend/venv/lib/python3.12/site-packages/django/db/models/sql/query.py", line 1708, in _add_q
    child_clause, needed_inner = self.build_filter(
                                 ^^^^^^^^^^^^^^^^^^
  File "/home/reality/multi-tenant-sass/backend/venv/lib/python3.12/site-packages/django/db/models/sql/query.py", line 1556, in build_filter
    lookups, parts, reffed_expression = self.solve_lookup_type(arg, summarize)
                                        ^^^^^^^^^^^^^^^^^^^^^^^^^^^^^^^^^^^^^^
  File "/home/reality/multi-tenant-sass/backend/venv/lib/python3.12/site-packages/django/db/models/sql/query.py", line 1363, in solve_lookup_type
    _, field, _, lookup_parts = self.names_to_path(lookup_splitted, self.get_meta())
                                ^^^^^^^^^^^^^^^^^^^^^^^^^^^^^^^^^^^^^^^^^^^^^^^^^^^^
  File "/home/reality/multi-tenant-sass/backend/venv/lib/python3.12/site-packages/django/db/models/sql/query.py", line 1842, in names_to_path
    raise FieldError(
django.core.exceptions.FieldError: Cannot resolve keyword 'user' into field. Choices are: id, member, member_id, project, project_id, role
GET /api/v1/workspaces/1/role/
GET /api/v1/workspaces/
GET /api/v1/workspaces/1/project/89/
GET /api/v1/users/me/
Internal Server Error: /api/v1/workspaces/1/project/89/
Traceback (most recent call last):
  File "/home/reality/multi-tenant-sass/backend/venv/lib/python3.12/site-packages/asgiref/sync.py", line 557, in thread_handler
    raise exc_info[1]
  File "/home/reality/multi-tenant-sass/backend/venv/lib/python3.12/site-packages/django/core/handlers/exception.py", line 42, in inner
    response = await get_response(request)
               ^^^^^^^^^^^^^^^^^^^^^^^^^^^
  File "/home/reality/multi-tenant-sass/backend/venv/lib/python3.12/site-packages/asgiref/sync.py", line 557, in thread_handler
    raise exc_info[1]
  File "/home/reality/multi-tenant-sass/backend/venv/lib/python3.12/site-packages/django/core/handlers/base.py", line 254, in _get_response_async
    response = await wrapped_callback(
               ^^^^^^^^^^^^^^^^^^^^^^^
  File "/home/reality/multi-tenant-sass/backend/venv/lib/python3.12/site-packages/asgiref/sync.py", line 506, in __call__
    ret = await asyncio.shield(exec_coro)
          ^^^^^^^^^^^^^^^^^^^^^^^^^^^^^^^
  File "/home/reality/multi-tenant-sass/backend/venv/lib/python3.12/site-packages/asgiref/current_thread_executor.py", line 40, in run
    result = self.fn(*self.args, **self.kwargs)
             ^^^^^^^^^^^^^^^^^^^^^^^^^^^^^^^^^^
  File "/home/reality/multi-tenant-sass/backend/venv/lib/python3.12/site-packages/asgiref/sync.py", line 561, in thread_handler
    return func(*args, **kwargs)
           ^^^^^^^^^^^^^^^^^^^^^
  File "/home/reality/multi-tenant-sass/backend/venv/lib/python3.12/site-packages/django/views/decorators/csrf.py", line 65, in _view_wrapper
    return view_func(request, *args, **kwargs)
           ^^^^^^^^^^^^^^^^^^^^^^^^^^^^^^^^^^^
  File "/home/reality/multi-tenant-sass/backend/venv/lib/python3.12/site-packages/django/views/generic/base.py", line 106, in view
    return self.dispatch(request, *args, **kwargs)
           ^^^^^^^^^^^^^^^^^^^^^^^^^^^^^^^^^^^^^^^
  File "/home/reality/multi-tenant-sass/backend/venv/lib/python3.12/site-packages/rest_framework/views.py", line 515, in dispatch
    response = self.handle_exception(exc)
               ^^^^^^^^^^^^^^^^^^^^^^^^^^
  File "/home/reality/multi-tenant-sass/backend/venv/lib/python3.12/site-packages/rest_framework/views.py", line 475, in handle_exception
    self.raise_uncaught_exception(exc)
  File "/home/reality/multi-tenant-sass/backend/venv/lib/python3.12/site-packages/rest_framework/views.py", line 486, in raise_uncaught_exception
    raise exc
  File "/home/reality/multi-tenant-sass/backend/venv/lib/python3.12/site-packages/rest_framework/views.py", line 512, in dispatch
    response = handler(request, *args, **kwargs)
               ^^^^^^^^^^^^^^^^^^^^^^^^^^^^^^^^^
  File "/home/reality/multi-tenant-sass/backend/venv/lib/python3.12/site-packages/rest_framework/generics.py", line 286, in get
    return self.retrieve(request, *args, **kwargs)
           ^^^^^^^^^^^^^^^^^^^^^^^^^^^^^^^^^^^^^^^
  File "/home/reality/multi-tenant-sass/backend/venv/lib/python3.12/site-packages/rest_framework/mixins.py", line 56, in retrieve
    return Response(serializer.data)
                    ^^^^^^^^^^^^^^^
  File "/home/reality/multi-tenant-sass/backend/venv/lib/python3.12/site-packages/rest_framework/serializers.py", line 585, in data
    ret = super().data
          ^^^^^^^^^^^^
  File "/home/reality/multi-tenant-sass/backend/venv/lib/python3.12/site-packages/rest_framework/serializers.py", line 251, in data
    self._data = self.to_representation(self.instance)
                 ^^^^^^^^^^^^^^^^^^^^^^^^^^^^^^^^^^^^^
  File "/home/reality/multi-tenant-sass/backend/venv/lib/python3.12/site-packages/rest_framework/serializers.py", line 552, in to_representation
    ret[field.field_name] = field.to_representation(attribute)
                            ^^^^^^^^^^^^^^^^^^^^^^^^^^^^^^^^^^
  File "/home/reality/multi-tenant-sass/backend/venv/lib/python3.12/site-packages/rest_framework/fields.py", line 1929, in to_representation
    return method(value)
           ^^^^^^^^^^^^^
  File "/home/reality/multi-tenant-sass/backend/workspace/api/serializers.py", line 166, in get_project_members
    members=members.exclude(user=current_user)
            ^^^^^^^^^^^^^^^^^^^^^^^^^^^^^^^^^^
  File "/home/reality/multi-tenant-sass/backend/venv/lib/python3.12/site-packages/django/db/models/query.py", line 1550, in exclude
    return self._filter_or_exclude(True, args, kwargs)
           ^^^^^^^^^^^^^^^^^^^^^^^^^^^^^^^^^^^^^^^^^^^
  File "/home/reality/multi-tenant-sass/backend/venv/lib/python3.12/site-packages/django/db/models/query.py", line 1560, in _filter_or_exclude
    clone._filter_or_exclude_inplace(negate, args, kwargs)
  File "/home/reality/multi-tenant-sass/backend/venv/lib/python3.12/site-packages/django/db/models/query.py", line 1568, in _filter_or_exclude_inplace
    self._query.add_q(~Q(*args, **kwargs))
  File "/home/reality/multi-tenant-sass/backend/venv/lib/python3.12/site-packages/django/db/models/sql/query.py", line 1676, in add_q
    clause, _ = self._add_q(q_object, can_reuse)
                ^^^^^^^^^^^^^^^^^^^^^^^^^^^^^^^^
  File "/home/reality/multi-tenant-sass/backend/venv/lib/python3.12/site-packages/django/db/models/sql/query.py", line 1708, in _add_q
    child_clause, needed_inner = self.build_filter(
                                 ^^^^^^^^^^^^^^^^^^
  File "/home/reality/multi-tenant-sass/backend/venv/lib/python3.12/site-packages/django/db/models/sql/query.py", line 1556, in build_filter
    lookups, parts, reffed_expression = self.solve_lookup_type(arg, summarize)
                                        ^^^^^^^^^^^^^^^^^^^^^^^^^^^^^^^^^^^^^^
  File "/home/reality/multi-tenant-sass/backend/venv/lib/python3.12/site-packages/django/db/models/sql/query.py", line 1363, in solve_lookup_type
    _, field, _, lookup_parts = self.names_to_path(lookup_splitted, self.get_meta())
                                ^^^^^^^^^^^^^^^^^^^^^^^^^^^^^^^^^^^^^^^^^^^^^^^^^^^^
  File "/home/reality/multi-tenant-sass/backend/venv/lib/python3.12/site-packages/django/db/models/sql/query.py", line 1842, in names_to_path
    raise FieldError(
django.core.exceptions.FieldError: Cannot resolve keyword 'user' into field. Choices are: id, member, member_id, project, project_id, role
GET /api/v1/workspaces/1/project/89/
Internal Server Error: /api/v1/workspaces/1/project/89/
Traceback (most recent call last):
  File "/home/reality/multi-tenant-sass/backend/venv/lib/python3.12/site-packages/asgiref/sync.py", line 557, in thread_handler
    raise exc_info[1]
  File "/home/reality/multi-tenant-sass/backend/venv/lib/python3.12/site-packages/django/core/handlers/exception.py", line 42, in inner
    response = await get_response(request)
               ^^^^^^^^^^^^^^^^^^^^^^^^^^^
  File "/home/reality/multi-tenant-sass/backend/venv/lib/python3.12/site-packages/asgiref/sync.py", line 557, in thread_handler
    raise exc_info[1]
  File "/home/reality/multi-tenant-sass/backend/venv/lib/python3.12/site-packages/django/core/handlers/base.py", line 254, in _get_response_async
    response = await wrapped_callback(
               ^^^^^^^^^^^^^^^^^^^^^^^
  File "/home/reality/multi-tenant-sass/backend/venv/lib/python3.12/site-packages/asgiref/sync.py", line 506, in __call__
    ret = await asyncio.shield(exec_coro)
          ^^^^^^^^^^^^^^^^^^^^^^^^^^^^^^^
  File "/home/reality/multi-tenant-sass/backend/venv/lib/python3.12/site-packages/asgiref/current_thread_executor.py", line 40, in run
    result = self.fn(*self.args, **self.kwargs)
             ^^^^^^^^^^^^^^^^^^^^^^^^^^^^^^^^^^
  File "/home/reality/multi-tenant-sass/backend/venv/lib/python3.12/site-packages/asgiref/sync.py", line 561, in thread_handler
    return func(*args, **kwargs)
           ^^^^^^^^^^^^^^^^^^^^^
  File "/home/reality/multi-tenant-sass/backend/venv/lib/python3.12/site-packages/django/views/decorators/csrf.py", line 65, in _view_wrapper
    return view_func(request, *args, **kwargs)
           ^^^^^^^^^^^^^^^^^^^^^^^^^^^^^^^^^^^
  File "/home/reality/multi-tenant-sass/backend/venv/lib/python3.12/site-packages/django/views/generic/base.py", line 106, in view
    return self.dispatch(request, *args, **kwargs)
           ^^^^^^^^^^^^^^^^^^^^^^^^^^^^^^^^^^^^^^^
  File "/home/reality/multi-tenant-sass/backend/venv/lib/python3.12/site-packages/rest_framework/views.py", line 515, in dispatch
    response = self.handle_exception(exc)
               ^^^^^^^^^^^^^^^^^^^^^^^^^^
  File "/home/reality/multi-tenant-sass/backend/venv/lib/python3.12/site-packages/rest_framework/views.py", line 475, in handle_exception
    self.raise_uncaught_exception(exc)
  File "/home/reality/multi-tenant-sass/backend/venv/lib/python3.12/site-packages/rest_framework/views.py", line 486, in raise_uncaught_exception
    raise exc
  File "/home/reality/multi-tenant-sass/backend/venv/lib/python3.12/site-packages/rest_framework/views.py", line 512, in dispatch
    response = handler(request, *args, **kwargs)
               ^^^^^^^^^^^^^^^^^^^^^^^^^^^^^^^^^
  File "/home/reality/multi-tenant-sass/backend/venv/lib/python3.12/site-packages/rest_framework/generics.py", line 286, in get
    return self.retrieve(request, *args, **kwargs)
           ^^^^^^^^^^^^^^^^^^^^^^^^^^^^^^^^^^^^^^^
  File "/home/reality/multi-tenant-sass/backend/venv/lib/python3.12/site-packages/rest_framework/mixins.py", line 56, in retrieve
    return Response(serializer.data)
                    ^^^^^^^^^^^^^^^
  File "/home/reality/multi-tenant-sass/backend/venv/lib/python3.12/site-packages/rest_framework/serializers.py", line 585, in data
    ret = super().data
          ^^^^^^^^^^^^
  File "/home/reality/multi-tenant-sass/backend/venv/lib/python3.12/site-packages/rest_framework/serializers.py", line 251, in data
    self._data = self.to_representation(self.instance)
                 ^^^^^^^^^^^^^^^^^^^^^^^^^^^^^^^^^^^^^
  File "/home/reality/multi-tenant-sass/backend/venv/lib/python3.12/site-packages/rest_framework/serializers.py", line 552, in to_representation
    ret[field.field_name] = field.to_representation(attribute)
                            ^^^^^^^^^^^^^^^^^^^^^^^^^^^^^^^^^^
  File "/home/reality/multi-tenant-sass/backend/venv/lib/python3.12/site-packages/rest_framework/fields.py", line 1929, in to_representation
    return method(value)
           ^^^^^^^^^^^^^
  File "/home/reality/multi-tenant-sass/backend/workspace/api/serializers.py", line 166, in get_project_members
    members=members.exclude(user=current_user)
            ^^^^^^^^^^^^^^^^^^^^^^^^^^^^^^^^^^
  File "/home/reality/multi-tenant-sass/backend/venv/lib/python3.12/site-packages/django/db/models/query.py", line 1550, in exclude
    return self._filter_or_exclude(True, args, kwargs)
           ^^^^^^^^^^^^^^^^^^^^^^^^^^^^^^^^^^^^^^^^^^^
  File "/home/reality/multi-tenant-sass/backend/venv/lib/python3.12/site-packages/django/db/models/query.py", line 1560, in _filter_or_exclude
    clone._filter_or_exclude_inplace(negate, args, kwargs)
  File "/home/reality/multi-tenant-sass/backend/venv/lib/python3.12/site-packages/django/db/models/query.py", line 1568, in _filter_or_exclude_inplace
    self._query.add_q(~Q(*args, **kwargs))
  File "/home/reality/multi-tenant-sass/backend/venv/lib/python3.12/site-packages/django/db/models/sql/query.py", line 1676, in add_q
    clause, _ = self._add_q(q_object, can_reuse)
                ^^^^^^^^^^^^^^^^^^^^^^^^^^^^^^^^
  File "/home/reality/multi-tenant-sass/backend/venv/lib/python3.12/site-packages/django/db/models/sql/query.py", line 1708, in _add_q
    child_clause, needed_inner = self.build_filter(
                                 ^^^^^^^^^^^^^^^^^^
  File "/home/reality/multi-tenant-sass/backend/venv/lib/python3.12/site-packages/django/db/models/sql/query.py", line 1556, in build_filter
    lookups, parts, reffed_expression = self.solve_lookup_type(arg, summarize)
                                        ^^^^^^^^^^^^^^^^^^^^^^^^^^^^^^^^^^^^^^
  File "/home/reality/multi-tenant-sass/backend/venv/lib/python3.12/site-packages/django/db/models/sql/query.py", line 1363, in solve_lookup_type
    _, field, _, lookup_parts = self.names_to_path(lookup_splitted, self.get_meta())
                                ^^^^^^^^^^^^^^^^^^^^^^^^^^^^^^^^^^^^^^^^^^^^^^^^^^^^
  File "/home/reality/multi-tenant-sass/backend/venv/lib/python3.12/site-packages/django/db/models/sql/query.py", line 1842, in names_to_path
    raise FieldError(
django.core.exceptions.FieldError: Cannot resolve keyword 'user' into field. Choices are: id, member, member_id, project, project_id, role
GET /api/v1/workspaces/1/project/89/
Internal Server Error: /api/v1/workspaces/1/project/89/
Traceback (most recent call last):
  File "/home/reality/multi-tenant-sass/backend/venv/lib/python3.12/site-packages/asgiref/sync.py", line 557, in thread_handler
    raise exc_info[1]
  File "/home/reality/multi-tenant-sass/backend/venv/lib/python3.12/site-packages/django/core/handlers/exception.py", line 42, in inner
    response = await get_response(request)
               ^^^^^^^^^^^^^^^^^^^^^^^^^^^
  File "/home/reality/multi-tenant-sass/backend/venv/lib/python3.12/site-packages/asgiref/sync.py", line 557, in thread_handler
    raise exc_info[1]
  File "/home/reality/multi-tenant-sass/backend/venv/lib/python3.12/site-packages/django/core/handlers/base.py", line 254, in _get_response_async
    response = await wrapped_callback(
               ^^^^^^^^^^^^^^^^^^^^^^^
  File "/home/reality/multi-tenant-sass/backend/venv/lib/python3.12/site-packages/asgiref/sync.py", line 506, in __call__
    ret = await asyncio.shield(exec_coro)
          ^^^^^^^^^^^^^^^^^^^^^^^^^^^^^^^
  File "/home/reality/multi-tenant-sass/backend/venv/lib/python3.12/site-packages/asgiref/current_thread_executor.py", line 40, in run
    result = self.fn(*self.args, **self.kwargs)
             ^^^^^^^^^^^^^^^^^^^^^^^^^^^^^^^^^^
  File "/home/reality/multi-tenant-sass/backend/venv/lib/python3.12/site-packages/asgiref/sync.py", line 561, in thread_handler
    return func(*args, **kwargs)
           ^^^^^^^^^^^^^^^^^^^^^
  File "/home/reality/multi-tenant-sass/backend/venv/lib/python3.12/site-packages/django/views/decorators/csrf.py", line 65, in _view_wrapper
    return view_func(request, *args, **kwargs)
           ^^^^^^^^^^^^^^^^^^^^^^^^^^^^^^^^^^^
  File "/home/reality/multi-tenant-sass/backend/venv/lib/python3.12/site-packages/django/views/generic/base.py", line 106, in view
    return self.dispatch(request, *args, **kwargs)
           ^^^^^^^^^^^^^^^^^^^^^^^^^^^^^^^^^^^^^^^
  File "/home/reality/multi-tenant-sass/backend/venv/lib/python3.12/site-packages/rest_framework/views.py", line 515, in dispatch
    response = self.handle_exception(exc)
               ^^^^^^^^^^^^^^^^^^^^^^^^^^
  File "/home/reality/multi-tenant-sass/backend/venv/lib/python3.12/site-packages/rest_framework/views.py", line 475, in handle_exception
    self.raise_uncaught_exception(exc)
  File "/home/reality/multi-tenant-sass/backend/venv/lib/python3.12/site-packages/rest_framework/views.py", line 486, in raise_uncaught_exception
    raise exc
  File "/home/reality/multi-tenant-sass/backend/venv/lib/python3.12/site-packages/rest_framework/views.py", line 512, in dispatch
    response = handler(request, *args, **kwargs)
               ^^^^^^^^^^^^^^^^^^^^^^^^^^^^^^^^^
  File "/home/reality/multi-tenant-sass/backend/venv/lib/python3.12/site-packages/rest_framework/generics.py", line 286, in get
    return self.retrieve(request, *args, **kwargs)
           ^^^^^^^^^^^^^^^^^^^^^^^^^^^^^^^^^^^^^^^
  File "/home/reality/multi-tenant-sass/backend/venv/lib/python3.12/site-packages/rest_framework/mixins.py", line 56, in retrieve
    return Response(serializer.data)
                    ^^^^^^^^^^^^^^^
  File "/home/reality/multi-tenant-sass/backend/venv/lib/python3.12/site-packages/rest_framework/serializers.py", line 585, in data
    ret = super().data
          ^^^^^^^^^^^^
  File "/home/reality/multi-tenant-sass/backend/venv/lib/python3.12/site-packages/rest_framework/serializers.py", line 251, in data
    self._data = self.to_representation(self.instance)
                 ^^^^^^^^^^^^^^^^^^^^^^^^^^^^^^^^^^^^^
  File "/home/reality/multi-tenant-sass/backend/venv/lib/python3.12/site-packages/rest_framework/serializers.py", line 552, in to_representation
    ret[field.field_name] = field.to_representation(attribute)
                            ^^^^^^^^^^^^^^^^^^^^^^^^^^^^^^^^^^
  File "/home/reality/multi-tenant-sass/backend/venv/lib/python3.12/site-packages/rest_framework/fields.py", line 1929, in to_representation
    return method(value)
           ^^^^^^^^^^^^^
  File "/home/reality/multi-tenant-sass/backend/workspace/api/serializers.py", line 166, in get_project_members
    members=members.exclude(user=current_user)
            ^^^^^^^^^^^^^^^^^^^^^^^^^^^^^^^^^^
  File "/home/reality/multi-tenant-sass/backend/venv/lib/python3.12/site-packages/django/db/models/query.py", line 1550, in exclude
    return self._filter_or_exclude(True, args, kwargs)
           ^^^^^^^^^^^^^^^^^^^^^^^^^^^^^^^^^^^^^^^^^^^
  File "/home/reality/multi-tenant-sass/backend/venv/lib/python3.12/site-packages/django/db/models/query.py", line 1560, in _filter_or_exclude
    clone._filter_or_exclude_inplace(negate, args, kwargs)
  File "/home/reality/multi-tenant-sass/backend/venv/lib/python3.12/site-packages/django/db/models/query.py", line 1568, in _filter_or_exclude_inplace
    self._query.add_q(~Q(*args, **kwargs))
  File "/home/reality/multi-tenant-sass/backend/venv/lib/python3.12/site-packages/django/db/models/sql/query.py", line 1676, in add_q
    clause, _ = self._add_q(q_object, can_reuse)
                ^^^^^^^^^^^^^^^^^^^^^^^^^^^^^^^^
  File "/home/reality/multi-tenant-sass/backend/venv/lib/python3.12/site-packages/django/db/models/sql/query.py", line 1708, in _add_q
    child_clause, needed_inner = self.build_filter(
                                 ^^^^^^^^^^^^^^^^^^
  File "/home/reality/multi-tenant-sass/backend/venv/lib/python3.12/site-packages/django/db/models/sql/query.py", line 1556, in build_filter
    lookups, parts, reffed_expression = self.solve_lookup_type(arg, summarize)
                                        ^^^^^^^^^^^^^^^^^^^^^^^^^^^^^^^^^^^^^^
  File "/home/reality/multi-tenant-sass/backend/venv/lib/python3.12/site-packages/django/db/models/sql/query.py", line 1363, in solve_lookup_type
    _, field, _, lookup_parts = self.names_to_path(lookup_splitted, self.get_meta())
                                ^^^^^^^^^^^^^^^^^^^^^^^^^^^^^^^^^^^^^^^^^^^^^^^^^^^^
  File "/home/reality/multi-tenant-sass/backend/venv/lib/python3.12/site-packages/django/db/models/sql/query.py", line 1842, in names_to_path
    raise FieldError(
django.core.exceptions.FieldError: Cannot resolve keyword 'user' into field. Choices are: id, member, member_id, project, project_id, role
GET /api/v1/workspaces/1/project/89/
Internal Server Error: /api/v1/workspaces/1/project/89/
Traceback (most recent call last):
  File "/home/reality/multi-tenant-sass/backend/venv/lib/python3.12/site-packages/asgiref/sync.py", line 557, in thread_handler
    raise exc_info[1]
  File "/home/reality/multi-tenant-sass/backend/venv/lib/python3.12/site-packages/django/core/handlers/exception.py", line 42, in inner
    response = await get_response(request)
               ^^^^^^^^^^^^^^^^^^^^^^^^^^^
  File "/home/reality/multi-tenant-sass/backend/venv/lib/python3.12/site-packages/asgiref/sync.py", line 557, in thread_handler
    raise exc_info[1]
  File "/home/reality/multi-tenant-sass/backend/venv/lib/python3.12/site-packages/django/core/handlers/base.py", line 254, in _get_response_async
    response = await wrapped_callback(
               ^^^^^^^^^^^^^^^^^^^^^^^
  File "/home/reality/multi-tenant-sass/backend/venv/lib/python3.12/site-packages/asgiref/sync.py", line 506, in __call__
    ret = await asyncio.shield(exec_coro)
          ^^^^^^^^^^^^^^^^^^^^^^^^^^^^^^^
  File "/home/reality/multi-tenant-sass/backend/venv/lib/python3.12/site-packages/asgiref/current_thread_executor.py", line 40, in run
    result = self.fn(*self.args, **self.kwargs)
             ^^^^^^^^^^^^^^^^^^^^^^^^^^^^^^^^^^
  File "/home/reality/multi-tenant-sass/backend/venv/lib/python3.12/site-packages/asgiref/sync.py", line 561, in thread_handler
    return func(*args, **kwargs)
           ^^^^^^^^^^^^^^^^^^^^^
  File "/home/reality/multi-tenant-sass/backend/venv/lib/python3.12/site-packages/django/views/decorators/csrf.py", line 65, in _view_wrapper
    return view_func(request, *args, **kwargs)
           ^^^^^^^^^^^^^^^^^^^^^^^^^^^^^^^^^^^
  File "/home/reality/multi-tenant-sass/backend/venv/lib/python3.12/site-packages/django/views/generic/base.py", line 106, in view
    return self.dispatch(request, *args, **kwargs)
           ^^^^^^^^^^^^^^^^^^^^^^^^^^^^^^^^^^^^^^^
  File "/home/reality/multi-tenant-sass/backend/venv/lib/python3.12/site-packages/rest_framework/views.py", line 515, in dispatch
    response = self.handle_exception(exc)
               ^^^^^^^^^^^^^^^^^^^^^^^^^^
  File "/home/reality/multi-tenant-sass/backend/venv/lib/python3.12/site-packages/rest_framework/views.py", line 475, in handle_exception
    self.raise_uncaught_exception(exc)
  File "/home/reality/multi-tenant-sass/backend/venv/lib/python3.12/site-packages/rest_framework/views.py", line 486, in raise_uncaught_exception
    raise exc
  File "/home/reality/multi-tenant-sass/backend/venv/lib/python3.12/site-packages/rest_framework/views.py", line 512, in dispatch
    response = handler(request, *args, **kwargs)
               ^^^^^^^^^^^^^^^^^^^^^^^^^^^^^^^^^
  File "/home/reality/multi-tenant-sass/backend/venv/lib/python3.12/site-packages/rest_framework/generics.py", line 286, in get
    return self.retrieve(request, *args, **kwargs)
           ^^^^^^^^^^^^^^^^^^^^^^^^^^^^^^^^^^^^^^^
  File "/home/reality/multi-tenant-sass/backend/venv/lib/python3.12/site-packages/rest_framework/mixins.py", line 56, in retrieve
    return Response(serializer.data)
                    ^^^^^^^^^^^^^^^
  File "/home/reality/multi-tenant-sass/backend/venv/lib/python3.12/site-packages/rest_framework/serializers.py", line 585, in data
    ret = super().data
          ^^^^^^^^^^^^
  File "/home/reality/multi-tenant-sass/backend/venv/lib/python3.12/site-packages/rest_framework/serializers.py", line 251, in data
    self._data = self.to_representation(self.instance)
                 ^^^^^^^^^^^^^^^^^^^^^^^^^^^^^^^^^^^^^
  File "/home/reality/multi-tenant-sass/backend/venv/lib/python3.12/site-packages/rest_framework/serializers.py", line 552, in to_representation
    ret[field.field_name] = field.to_representation(attribute)
                            ^^^^^^^^^^^^^^^^^^^^^^^^^^^^^^^^^^
  File "/home/reality/multi-tenant-sass/backend/venv/lib/python3.12/site-packages/rest_framework/fields.py", line 1929, in to_representation
    return method(value)
           ^^^^^^^^^^^^^
  File "/home/reality/multi-tenant-sass/backend/workspace/api/serializers.py", line 166, in get_project_members
    members=members.exclude(user=current_user)
            ^^^^^^^^^^^^^^^^^^^^^^^^^^^^^^^^^^
  File "/home/reality/multi-tenant-sass/backend/venv/lib/python3.12/site-packages/django/db/models/query.py", line 1550, in exclude
    return self._filter_or_exclude(True, args, kwargs)
           ^^^^^^^^^^^^^^^^^^^^^^^^^^^^^^^^^^^^^^^^^^^
  File "/home/reality/multi-tenant-sass/backend/venv/lib/python3.12/site-packages/django/db/models/query.py", line 1560, in _filter_or_exclude
    clone._filter_or_exclude_inplace(negate, args, kwargs)
  File "/home/reality/multi-tenant-sass/backend/venv/lib/python3.12/site-packages/django/db/models/query.py", line 1568, in _filter_or_exclude_inplace
    self._query.add_q(~Q(*args, **kwargs))
  File "/home/reality/multi-tenant-sass/backend/venv/lib/python3.12/site-packages/django/db/models/sql/query.py", line 1676, in add_q
    clause, _ = self._add_q(q_object, can_reuse)
                ^^^^^^^^^^^^^^^^^^^^^^^^^^^^^^^^
  File "/home/reality/multi-tenant-sass/backend/venv/lib/python3.12/site-packages/django/db/models/sql/query.py", line 1708, in _add_q
    child_clause, needed_inner = self.build_filter(
                                 ^^^^^^^^^^^^^^^^^^
  File "/home/reality/multi-tenant-sass/backend/venv/lib/python3.12/site-packages/django/db/models/sql/query.py", line 1556, in build_filter
    lookups, parts, reffed_expression = self.solve_lookup_type(arg, summarize)
                                        ^^^^^^^^^^^^^^^^^^^^^^^^^^^^^^^^^^^^^^
  File "/home/reality/multi-tenant-sass/backend/venv/lib/python3.12/site-packages/django/db/models/sql/query.py", line 1363, in solve_lookup_type
    _, field, _, lookup_parts = self.names_to_path(lookup_splitted, self.get_meta())
                                ^^^^^^^^^^^^^^^^^^^^^^^^^^^^^^^^^^^^^^^^^^^^^^^^^^^^
  File "/home/reality/multi-tenant-sass/backend/venv/lib/python3.12/site-packages/django/db/models/sql/query.py", line 1842, in names_to_path
    raise FieldError(
django.core.exceptions.FieldError: Cannot resolve keyword 'user' into field. Choices are: id, member, member_id, project, project_id, role
Killed 0 pending application instances
Starting server at tcp:port=8000:interface=0.0.0.0
HTTP/2 support not enabled (install the http2 and tls Twisted extras)
Configuring endpoint tcp:port=8000:interface=0.0.0.0
Listening on TCP address 0.0.0.0:8000
GET /api/v1/workspaces/1/project/89/
GET /api/v1/workspaces/
GET /api/v1/workspaces/1/role/
GET /api/v1/users/me/
GET /api/v1/workspaces/
GET /api/v1/users/me/
GET /api/v1/workspaces/
GET /api/v1/workspaces/1/project/89/
GET /api/v1/workspaces/1/role/
GET /api/v1/users/me/
GET /api/v1/workspaces/
GET /api/v1/workspaces/1/89/tasks/
True
GET /api/v1/users/me/
POST /api/v1/users/logout/
GET /api/v1/users/me/
Unauthorized: /api/v1/users/me/
POST /api/v1/auth/refresh-token/
Bad Request: /api/v1/auth/refresh-token/
GET /api/v1/users/me/
Unauthorized: /api/v1/users/me/
POST /api/v1/auth/refresh-token/
Bad Request: /api/v1/auth/refresh-token/
POST /api/v1/auth/login/
GET /api/v1/workspaces/
GET /api/v1/users/me/
GET /api/v1/users/me/
GET /api/v1/workspaces/
GET /api/v1/workspaces/1/role/
GET /api/v1/workspaces/
GET /api/v1/users/me/
GET /api/v1/workspaces/1/members/
GET /api/v1/workspaces/1/89/tasks/
GET /api/v1/workspaces/1/project/89/
GET /api/v1/workspaces/1/role/
GET /api/v1/users/me/
GET /api/v1/workspaces/
True
Starting server at tcp:port=8000:interface=0.0.0.0
HTTP/2 support not enabled (install the http2 and tls Twisted extras)
Configuring endpoint tcp:port=8000:interface=0.0.0.0
Listening on TCP address 0.0.0.0:8000
GET /api/v1/users/me/
Unauthorized: /api/v1/users/me/
OPTIONS /api/v1/auth/refresh-token/
POST /api/v1/auth/refresh-token/
GET /api/v1/users/me/
GET /api/v1/users/me/
GET /api/v1/workspaces/
GET /api/v1/users/me/
GET /api/v1/workspaces/
GET /api/v1/workspaces/1/role/
GET /api/v1/workspaces/
GET /api/v1/workspaces/1/members/
GET /api/v1/users/me/
GET /api/v1/workspaces/
GET /api/v1/workspaces/1/role/
GET /api/v1/workspaces/1/89/tasks/
GET /api/v1/users/me/
True
GET /api/v1/workspaces/1/project/89/
